,danceability,energy,key,loudness,mode,speechiness,acousticness,instrumentalness,liveness,valence,tempo
0,0.809,0.656,5.0,-6.67,1.0,0.297,0.524,0.00455,0.075,0.786,88.934
1,0.768,0.648,11.0,-6.042,0.0,0.188,0.045,2.9e-05,0.113,0.358,97.013
2,0.404,0.467,4.0,-7.39,0.0,0.0385,0.819,0.0823,0.175,0.429,155.47
3,0.823,0.556,5.0,-5.883,0.0,0.118,0.34,0.00121,0.084,0.879,142.0
4,0.571,0.537,9.0,-10.0,1.0,0.127,0.306,0.139,0.0923,0.401,164.265
5,0.53,0.684,5.0,-5.554,0.0,0.043,0.00026,7.08e-05,0.166,0.344,159.852
6,0.284,0.803,2.0,-5.293,0.0,0.173,0.302,0.0,0.242,0.553,67.536
7,0.584,0.306,9.0,-8.401,0.0,0.0271,0.52,0.0,0.12,0.096,70.022
8,0.661,0.657,4.0,-9.667,1.0,0.0253,0.0758,0.666,0.105,0.776,101.018
9,0.627,0.662,2.0,-4.592,0.0,0.0464,0.211,1.85e-06,0.38,0.505,144.002
10,0.603,0.581,0.0,-10.667,1.0,0.0648,0.469,0.00142,0.11,0.163,125.998
11,0.787,0.805,9.0,-6.294,1.0,0.409,0.0589,1.61e-06,0.192,0.769,104.862
12,0.569,0.84,1.0,-4.123,1.0,0.118,0.0295,0.000118,0.0995,0.749,183.059
13,0.617,0.525,8.0,-10.426,0.0,0.12,0.554,1.1e-06,0.135,0.377,135.781
14,0.818,0.432,11.0,-10.764,1.0,0.0563,0.728,0.395,0.104,0.578,114.031
15,0.608,0.746,5.0,-5.249,0.0,0.184,0.115,0.0087,0.427,0.277,117.072
16,0.435,0.76,8.0,-4.935,0.0,0.0721,0.0175,0.0,0.158,0.206,80.082
17,0.679,0.516,0.0,-6.371,0.0,0.0452,0.199,0.0,0.0965,0.716,120.074
18,0.491,0.47,4.0,-13.45,1.0,0.0264,0.747,0.747,0.128,0.846,93.964
19,0.88,0.58,5.0,-5.032,0.0,0.0438,0.016,3.83e-06,0.0936,0.754,124.003
20,0.826,0.47,5.0,-5.487,0.0,0.0343,0.025,0.00337,0.1,0.541,100.989
21,0.671,0.338,7.0,-9.393,0.0,0.117,0.554,0.0,0.494,0.496,80.02
22,0.7,0.316,4.0,-10.26,1.0,0.0384,0.562,0.00429,0.116,0.55,72.936
23,0.839,0.416,5.0,-7.658,1.0,0.0876,0.0319,0.0,0.166,0.567,125.969
24,0.29,0.247,7.0,-12.125,1.0,0.0383,0.921,0.00565,0.0917,0.36,165.361
25,0.583,0.766,11.0,-4.743,0.0,0.405,0.502,1.79e-06,0.159,0.203,131.374
26,0.46,0.717,6.0,-5.91,0.0,0.218,0.283,2.6e-06,0.494,0.497,84.134
27,0.61,0.569,10.0,-9.447,0.0,0.345,0.0398,0.0,0.337,0.287,81.409
28,0.548,0.638,11.0,-6.428,1.0,0.248,0.0215,0.0,0.15,0.363,84.807
29,0.672,0.545,1.0,-7.249,0.0,0.35,0.0493,0.0,0.167,0.425,82.457
30,0.748,0.445,1.0,-9.874,1.0,0.0753,0.14,0.0,0.28,0.647,114.127
31,0.39,0.448,2.0,-9.844,0.0,0.086,0.353,8.17e-06,0.134,0.355,79.053
32,0.618,0.669,7.0,-7.457,1.0,0.0359,0.535,0.0,0.577,0.789,97.0
33,0.586,0.893,7.0,-8.772,1.0,0.439,0.827,0.642,0.212,0.65,140.023
34,0.82,0.38,0.0,-7.989,0.0,0.0502,0.416,2.53e-05,0.0952,0.647,95.004
35,0.56,0.562,1.0,-10.003,1.0,0.053,0.144,0.267,0.13,0.42,167.947
36,0.782,0.646,1.0,-10.301,0.0,0.0538,0.0785,0.0708,0.0813,0.399,103.957
37,0.721,0.621,10.0,-8.986,0.0,0.0418,0.0336,0.406,0.0944,0.516,117.984
38,0.733,0.579,7.0,-8.83,0.0,0.0286,0.22,0.288,0.153,0.555,121.987
39,0.845,0.442,8.0,-9.698,0.0,0.0332,0.197,0.00543,0.191,0.404,106.426
40,0.72,0.634,0.0,-8.701,1.0,0.0392,0.00284,0.63,0.0973,0.602,115.014
41,0.56,0.865,1.0,-1.148,1.0,0.0909,0.255,0.000153,0.083,0.424,159.96
42,0.732,0.198,5.0,-11.775,1.0,0.028,0.883,1.1e-05,0.0659,0.618,88.174
43,0.56,0.372,11.0,-6.58,0.0,0.0446,0.271,0.0,0.195,0.473,119.384
44,0.684,0.603,11.0,-8.127,0.0,0.0989,0.0275,0.000311,0.191,0.504,81.0
45,0.737,0.597,7.0,-7.333,1.0,0.118,0.292,0.0,0.13,0.448,92.049
46,0.828,0.492,0.0,-9.744,1.0,0.0276,0.0644,0.00428,0.128,0.789,120.151
47,0.694,0.583,11.0,-11.549,1.0,0.0371,0.168,0.819,0.329,0.897,134.999
48,0.773,0.742,5.0,-5.453,0.0,0.162,0.00198,0.0,0.558,0.35,148.949
49,0.82,0.575,7.0,-9.144,1.0,0.0408,0.0936,0.000135,0.109,0.964,123.765
50,0.56,0.936,3.0,-5.835,1.0,0.0439,0.00847,0.0,0.161,0.371,112.96
51,0.664,0.771,0.0,-5.779,1.0,0.0533,0.0155,9.6e-06,0.46,0.763,109.945
52,0.757,0.367,5.0,-5.759,0.0,0.0354,0.736,0.0,0.157,0.681,96.008
53,0.728,0.354,1.0,-9.626,1.0,0.221,0.76,0.0,0.132,0.636,132.762
54,0.627,0.488,11.0,-8.212,0.0,0.0445,0.304,0.000408,0.173,0.274,126.053
55,0.574,0.512,5.0,-6.664,0.0,0.0503,0.234,0.0,0.0946,0.512,76.899
56,0.891,0.714,4.0,-6.055,0.0,0.14,0.202,0.000234,0.0521,0.818,100.972
57,0.624,0.653,8.0,-6.582,0.0,0.176,0.575,0.0,0.104,0.565,73.884
58,0.533,0.581,0.0,-7.698,1.0,0.0499,0.171,0.0149,0.225,0.713,74.814
59,0.768,0.367,4.0,-7.811,0.0,0.0357,0.362,3.37e-06,0.157,0.367,119.909
60,0.606,0.591,0.0,-7.228,0.0,0.087,0.0756,0.0,0.328,0.477,95.802
61,0.813,0.848,2.0,-5.157,0.0,0.0558,0.0943,4.6e-05,0.37,0.831,110.993
62,0.835,0.612,8.0,-6.262,0.0,0.149,0.0571,0.0,0.0895,0.689,147.085
63,0.687,0.723,7.0,-4.751,1.0,0.0709,0.122,0.00102,0.573,0.432,76.0
64,0.771,0.68,11.0,-5.881,0.0,0.224,0.277,1.18e-05,0.682,0.808,119.952
65,0.896,0.452,6.0,-5.637,1.0,0.258,0.0171,0.00782,0.0645,0.644,99.905
66,0.853,0.839,11.0,-6.311,0.0,0.0702,0.117,0.0228,0.111,0.836,105.045
67,0.564,0.42,4.0,-12.224,1.0,0.164,0.113,0.000565,0.0819,0.521,76.03
68,0.76,0.579,0.0,-7.374,1.0,0.0569,0.0129,0.00351,0.106,0.125,100.01
69,0.776,0.295,5.0,-12.395,0.0,0.0327,0.588,2.93e-05,0.2,0.264,119.958
70,0.713,0.678,5.0,-3.525,0.0,0.102,0.273,0.0,0.149,0.734,138.009
71,0.705,0.371,8.0,-9.398,1.0,0.157,0.163,1.12e-06,0.0718,0.541,74.931
72,0.609,0.619,3.0,-7.189,1.0,0.188,0.0539,0.00146,0.0888,0.169,168.255
73,0.652,0.18,5.0,-9.735,0.0,0.111,0.743,4.04e-06,0.71,0.328,115.218
74,0.442,0.793,9.0,-5.152,1.0,0.0347,0.0456,0.0,0.328,0.437,80.985
75,0.447,0.557,9.0,-9.92,1.0,0.035,0.35,0.0145,0.11,0.43,152.058
76,0.568,0.634,4.0,-12.336,1.0,0.0282,0.494,0.00281,0.252,0.866,142.686
77,0.572,0.418,0.0,-10.738,1.0,0.0349,0.635,0.0,0.0961,0.694,104.566
78,0.415,0.878,1.0,-3.65,0.0,0.32,0.0564,0.00348,0.222,0.309,191.777
79,0.77,0.442,1.0,-8.033,1.0,0.164,0.489,0.0,0.0974,0.392,131.988
80,0.568,0.737,8.0,-6.202,1.0,0.254,0.405,0.0,0.111,0.503,84.21
81,0.735,0.652,9.0,-7.605,1.0,0.208,0.0621,0.0,0.108,0.233,139.978
82,0.77,0.68,5.0,-4.451,0.0,0.0578,0.211,0.00102,0.114,0.37,107.024
83,0.66,0.512,0.0,-7.183,1.0,0.0294,0.313,0.0,0.283,0.852,133.607
84,0.678,0.438,9.0,-8.847,0.0,0.0577,0.29,0.0,0.0838,0.501,81.498
85,0.718,0.454,4.0,-9.775,1.0,0.256,0.34,0.0228,0.0814,0.631,168.037
86,0.779,0.873,10.0,-3.766,0.0,0.0344,0.0196,9.9e-06,0.0999,0.911,111.977
87,0.599,0.686,8.0,-5.951,1.0,0.0422,0.0177,0.00105,0.0929,0.662,148.01
88,0.92,0.654,11.0,-3.051,0.0,0.0401,0.0236,0.0158,0.0359,0.847,117.046
89,0.767,0.611,5.0,-5.173,0.0,0.0983,0.157,0.0116,0.0836,0.11,94.034
90,0.775,0.573,11.0,-4.933,1.0,0.0585,0.495,0.0,0.126,0.667,101.925
91,0.856,0.652,1.0,-5.324,1.0,0.143,0.177,0.0,0.193,0.471,97.017
92,0.696,0.463,7.0,-8.562,1.0,0.126,0.824,0.0,0.104,0.53,81.35
93,0.789,0.49,2.0,-6.588,1.0,0.0392,0.784,0.000598,0.112,0.869,140.034
94,0.745,0.5,8.0,-6.184,1.0,0.136,0.439,0.0,0.0943,0.433,76.968
95,0.863,0.631,7.0,-4.689,1.0,0.0534,0.305,3.04e-05,0.123,0.817,128.977
96,0.858,0.411,2.0,-7.767,1.0,0.37,0.136,0.000274,0.114,0.248,150.028
97,0.63,0.496,10.0,-12.55,0.0,0.0352,0.318,0.00552,0.11,0.275,119.206
98,0.289,0.619,0.0,-5.97,1.0,0.125,0.877,0.0298,0.397,0.197,72.139
99,0.573,0.753,5.0,-3.43,0.0,0.134,0.492,0.0,0.113,0.424,139.645
100,0.718,0.637,1.0,-9.962,0.0,0.168,0.00828,0.0071,0.227,0.487,108.023
101,0.878,0.821,11.0,-9.875,1.0,0.089,0.126,0.0461,0.183,0.947,118.881
102,0.772,0.256,7.0,-8.545,0.0,0.0481,0.491,0.00612,0.144,0.357,118.902
103,0.758,0.721,0.0,-5.172,1.0,0.0409,0.469,0.585,0.293,0.864,121.991
104,0.754,0.359,3.0,-7.732,1.0,0.0635,0.104,4.71e-05,0.22,0.468,113.97
105,0.442,0.446,9.0,-11.354,0.0,0.786,0.278,0.0,0.308,0.295,51.539
106,0.813,0.615,10.0,-5.624,0.0,0.132,0.061,0.0,0.654,0.321,111.039
107,0.928,0.559,2.0,-12.164,1.0,0.0395,0.15,0.0401,0.0963,0.962,103.017
108,0.849,0.418,0.0,-7.45,1.0,0.078,0.203,0.0283,0.101,0.152,139.979
109,0.928,0.437,1.0,-7.081,0.0,0.127,0.144,0.000357,0.147,0.496,100.056
110,0.672,0.814,7.0,-3.768,1.0,0.27,0.258,0.0,0.164,0.379,97.043
111,0.593,0.596,8.0,-10.488,1.0,0.0408,0.33,0.0,0.0976,0.776,86.965
112,0.593,0.593,11.0,-8.216,1.0,0.289,0.0306,9.94e-06,0.229,0.488,81.291
113,0.483,0.89,9.0,-3.378,1.0,0.196,0.0527,0.0299,0.248,0.494,89.658
114,0.546,0.468,5.0,-8.167,1.0,0.0287,0.153,0.00257,0.321,0.416,73.372
115,0.723,0.465,3.0,-6.454,0.0,0.0952,0.259,2.7e-05,0.108,0.513,97.702
116,0.752,0.765,9.0,-5.805,0.0,0.0908,0.118,0.0,0.31,0.309,105.998
117,0.507,0.753,5.0,-5.31,0.0,0.19,0.503,0.0,0.573,0.657,178.068
118,0.374,0.568,1.0,-3.825,0.0,0.109,0.219,0.00219,0.513,0.111,84.733
119,0.793,0.473,8.0,-8.681,1.0,0.0888,0.243,0.00017,0.0976,0.0372,111.144
120,0.55,0.611,0.0,-7.475,1.0,0.137,0.162,6.88e-05,0.121,0.243,148.062
121,0.635,0.675,2.0,-3.445,1.0,0.0263,0.0801,0.0,0.0831,0.273,113.946
122,0.739,0.326,5.0,-10.376,0.0,0.0369,0.512,0.0515,0.137,0.273,97.354
123,0.64,0.427,5.0,-9.29,0.0,0.0241,0.0664,0.0,0.0579,0.529,149.703
124,0.713,0.475,6.0,-4.436,0.0,0.0659,0.0608,7.55e-06,0.156,0.33,87.022
125,0.721,0.707,6.0,-6.364,1.0,0.0595,0.181,3.68e-06,0.143,0.743,125.005
126,0.711,0.292,4.0,-15.523,0.0,0.037,0.313,0.0,0.131,0.194,103.951
127,0.834,0.504,6.0,-8.671,0.0,0.0886,0.267,0.000534,0.119,0.591,100.011
128,0.771,0.654,8.0,-6.976,0.0,0.298,0.055,0.0,0.214,0.573,155.047
129,0.45,0.368,9.0,-16.91,1.0,0.0511,0.387,0.0442,0.946,0.431,81.43
130,0.722,0.702,7.0,-6.688,1.0,0.347,0.0127,0.0051,0.384,0.424,150.056
131,0.872,0.445,2.0,-7.631,0.0,0.0934,0.27,0.0012,0.345,0.763,120.024
132,0.212,0.383,10.0,-10.071,1.0,0.0347,0.723,0.0,0.299,0.452,173.79
133,0.623,0.585,0.0,-7.895,1.0,0.124,0.0628,0.000155,0.119,0.538,158.273
134,0.723,0.423,5.0,-7.549,0.0,0.0302,0.133,0.0,0.309,0.558,113.064
135,0.858,0.646,8.0,-7.127,0.0,0.267,0.0274,0.0,0.0752,0.738,144.964
136,0.478,0.456,7.0,-6.844,1.0,0.0529,0.122,1.98e-05,0.214,0.268,171.9
137,0.61,0.788,0.0,-5.724,1.0,0.0585,0.195,0.0142,0.153,0.472,101.045
138,0.807,0.816,8.0,-5.779,1.0,0.0284,0.01,0.0301,0.074,0.935,102.002
139,0.539,0.486,1.0,-5.509,1.0,0.0752,0.0923,0.0,0.145,0.247,90.041
140,0.678,0.755,8.0,-4.682,0.0,0.0461,0.0926,0.0311,0.117,0.573,82.531
141,0.543,0.682,3.0,-5.81,1.0,0.113,0.218,1.53e-06,0.085,0.424,179.969
142,0.603,0.688,5.0,-7.846,1.0,0.0374,0.216,1.74e-05,0.123,0.325,147.962
143,0.354,0.54,5.0,-7.091,1.0,0.0593,0.0184,0.000492,0.237,0.0478,162.096
144,0.629,0.823,1.0,-5.744,1.0,0.0597,0.35,0.039,0.0801,0.397,169.961
145,0.731,0.335,7.0,-9.672,1.0,0.0438,0.64,0.271,0.14,0.439,94.991
146,0.849,0.31,5.0,-9.619,1.0,0.22,0.0805,0.00645,0.111,0.417,98.983
147,0.528,0.387,7.0,-10.696,1.0,0.0368,0.764,0.345,0.153,0.129,147.926
148,0.442,0.393,2.0,-10.48,0.0,0.198,0.713,1.35e-05,0.0622,0.261,160.422
149,0.752,0.482,0.0,-12.355,0.0,0.0312,0.075,0.671,0.313,0.416,109.968
150,0.526,0.773,4.0,-7.583,0.0,0.389,0.818,0.169,0.0758,0.888,103.207
151,0.402,0.526,9.0,-6.741,0.0,0.0904,0.113,8.33e-06,0.105,0.312,81.404
152,0.559,0.556,6.0,-7.844,1.0,0.531,0.553,0.0,0.251,0.362,189.861
153,0.878,0.851,7.0,-8.971,1.0,0.232,0.00228,0.00125,0.0509,0.404,99.014
154,0.664,0.427,7.0,-11.36,0.0,0.0901,0.131,0.000262,0.361,0.135,119.927
155,0.491,0.464,5.0,-7.188,0.0,0.0875,0.145,1.57e-06,0.107,0.183,124.352
156,0.724,0.564,1.0,-4.627,0.0,0.0591,0.498,0.0,0.107,0.541,113.943
157,0.43,0.703,2.0,-3.684,1.0,0.229,0.521,0.0,0.132,0.435,45.78
158,0.493,0.786,6.0,-3.948,1.0,0.233,0.454,0.0,0.0992,0.535,117.03
159,0.539,0.638,7.0,-6.049,1.0,0.136,0.00676,0.0,0.123,0.222,179.822
160,0.676,0.525,9.0,-5.88,1.0,0.028,0.617,0.0,0.356,0.421,112.011
161,0.619,0.719,0.0,-4.111,1.0,0.157,0.0227,0.0,0.0839,0.351,86.036
162,0.727,0.496,5.0,-10.386,0.0,0.178,0.0893,0.00011,0.0987,0.504,130.061
163,0.828,0.323,8.0,-11.44,0.0,0.0622,0.231,0.000218,0.11,0.272,97.038
164,0.42,0.377,7.0,-7.212,1.0,0.0369,0.237,2.7e-05,0.129,0.0387,69.178
165,0.549,0.378,9.0,-9.68,1.0,0.27,0.321,5.29e-06,0.107,0.387,92.125
166,0.741,0.644,4.0,-8.518,0.0,0.222,0.135,0.372,0.126,0.301,101.851
167,0.864,0.477,10.0,-5.786,1.0,0.224,0.201,0.0,0.182,0.5,86.46
168,0.727,0.697,1.0,-8.942,1.0,0.0503,0.369,0.468,0.115,0.604,100.003
169,0.581,0.827,8.0,-7.256,1.0,0.405,0.56,0.0,0.136,0.558,92.286
170,0.507,0.466,1.0,-11.966,1.0,0.0862,0.655,0.363,0.0929,0.11,157.013
171,0.823,0.411,0.0,-7.061,1.0,0.0557,0.409,0.00135,0.649,0.397,90.997
172,0.719,0.615,6.0,-5.972,1.0,0.045,0.408,0.000147,0.235,0.465,96.988
173,0.823,0.558,9.0,-7.119,1.0,0.0278,0.397,2.03e-05,0.0821,0.674,155.974
174,0.735,0.798,0.0,-6.175,1.0,0.127,0.0579,0.0677,0.161,0.464,113.997
175,0.827,0.477,0.0,-5.025,1.0,0.254,0.101,4.15e-05,0.0908,0.599,119.807
176,0.654,0.75,8.0,-7.509,0.0,0.105,0.246,0.0178,0.167,0.557,92.78
177,0.877,0.542,2.0,-9.102,1.0,0.0419,0.224,0.132,0.0858,0.509,111.474
178,0.807,0.411,1.0,-6.945,0.0,0.106,0.361,0.000263,0.101,0.635,68.495
179,0.647,0.243,8.0,-14.466,1.0,0.0408,0.4,8.33e-05,0.122,0.328,110.082
180,0.838,0.536,2.0,-6.288,1.0,0.0435,0.072,0.000259,0.208,0.89,119.956
181,0.476,0.592,10.0,-7.252,1.0,0.337,0.728,3.06e-06,0.115,0.578,79.68
182,0.569,0.86,9.0,-4.116,1.0,0.043,0.135,0.0,0.153,0.289,90.937
183,0.789,0.741,0.0,-5.671,0.0,0.133,0.147,0.0179,0.0869,0.814,95.986
184,0.654,0.47,1.0,-10.383,0.0,0.0586,0.274,0.249,0.103,0.462,77.083
185,0.571,0.739,7.0,-6.11,1.0,0.247,0.00865,5.21e-06,0.158,0.66,83.089
186,0.693,0.259,1.0,-7.918,1.0,0.0372,0.448,0.000135,0.0995,0.361,88.972
187,0.61,0.458,9.0,-11.336,1.0,0.36,0.696,0.000103,0.0852,0.246,192.099
188,0.71,0.643,7.0,-14.703,1.0,0.194,0.0451,0.0,0.0628,0.687,167.948
189,0.676,0.554,5.0,-5.965,0.0,0.073,0.26,4.77e-05,0.1,0.43,89.008
190,0.511,0.441,4.0,-10.264,0.0,0.0563,0.749,0.0,0.123,0.382,125.117
191,0.482,0.849,2.0,-9.198,1.0,0.0452,0.641,7.74e-06,0.0414,0.937,124.631
192,0.533,0.376,9.0,-11.913,0.0,0.0393,0.0302,0.248,0.0926,0.187,165.007
193,0.43,0.7,6.0,-5.35,1.0,0.264,0.0902,0.0,0.216,0.731,158.373
194,0.285,0.329,8.0,-12.212,1.0,0.0446,0.526,0.0205,0.158,0.148,159.409
195,0.844,0.574,4.0,-4.886,0.0,0.382,0.306,0.0,0.11,0.476,158.047
196,0.587,0.665,2.0,-6.998,1.0,0.372,0.197,0.0,0.112,0.222,96.016
197,0.623,0.51,0.0,-8.466,0.0,0.0287,0.638,0.000275,0.116,0.701,116.972
198,0.77,0.458,1.0,-10.663,0.0,0.105,0.0533,1.53e-05,0.139,0.177,127.956
199,0.52,0.538,1.0,-8.109,1.0,0.206,0.367,0.00187,0.119,0.177,141.894
200,0.866,0.679,6.0,-6.74,0.0,0.388,0.214,4.8e-06,0.101,0.272,115.015
201,0.883,0.733,11.0,-9.153,0.0,0.128,0.161,0.00026,0.334,0.947,95.103
202,0.473,0.551,0.0,-7.44,0.0,0.0582,0.412,0.186,0.0874,0.263,109.001
203,0.618,0.654,8.0,-6.091,1.0,0.0713,0.0084,0.0001,0.0647,0.712,171.032
204,0.407,0.858,5.0,-6.658,1.0,0.0758,0.00607,0.767,0.0893,0.136,189.928
205,0.835,0.527,7.0,-7.272,0.0,0.128,0.204,0.000423,0.283,0.611,106.003
206,0.823,0.385,2.0,-9.714,1.0,0.34,0.0299,0.00247,0.107,0.241,118.053
207,0.81,0.667,1.0,-7.008,1.0,0.235,0.0357,6.29e-06,0.201,0.34,109.927
208,0.825,0.694,1.0,-7.612,1.0,0.174,0.0248,0.0118,0.357,0.812,112.016
209,0.482,0.662,1.0,-7.652,1.0,0.378,0.00684,9.96e-05,0.159,0.281,145.648
210,0.404,0.524,5.0,-8.996,0.0,0.0593,0.0456,0.00316,0.199,0.168,145.74
211,0.573,0.63,1.0,-8.389,1.0,0.105,0.189,2.31e-05,0.259,0.218,77.525
212,0.68,0.826,0.0,-5.487,1.0,0.0309,0.0212,1.24e-05,0.543,0.644,118.051
213,0.555,0.619,0.0,-7.918,1.0,0.0314,0.0323,0.000224,0.0917,0.141,95.032
214,0.667,0.719,7.0,-5.371,0.0,0.0346,0.00285,8.1e-05,0.0736,0.717,100.021
215,0.375,0.605,0.0,-7.268,0.0,0.0729,0.612,0.0448,0.147,0.128,175.946
216,0.218,0.652,4.0,-7.953,0.0,0.0641,0.033,0.111,0.172,0.0599,65.375
217,0.779,0.362,0.0,-10.847,1.0,0.0474,0.135,0.206,0.111,0.46,85.011
218,0.853,0.811,6.0,-4.926,0.0,0.0646,0.0439,0.000304,0.0703,0.901,114.961
219,0.483,0.281,8.0,-11.003,0.0,0.0835,0.844,0.000183,0.218,0.338,99.974
220,0.642,0.502,7.0,-6.68,0.0,0.121,0.0454,0.0,0.116,0.313,79.993
221,0.58,0.469,8.0,-8.655,0.0,0.118,0.778,6.79e-05,0.099,0.289,176.019
222,0.785,0.27,5.0,-14.457,1.0,0.0892,0.255,0.00132,0.0953,0.12,131.894
223,0.76,0.607,7.0,-6.274,1.0,0.0964,0.00277,0.0,0.132,0.709,105.979
224,0.661,0.523,8.0,-5.902,1.0,0.0381,0.483,0.0,0.469,0.536,122.948
225,0.472,0.468,3.0,-5.815,1.0,0.184,0.163,0.0,0.586,0.404,81.94
226,0.521,0.762,2.0,-6.746,1.0,0.529,0.138,1.11e-05,0.114,0.266,164.09
227,0.794,0.735,0.0,-4.204,1.0,0.054,0.108,0.00578,0.112,0.223,107.374
228,0.707,0.706,1.0,-6.761,0.0,0.0468,0.021,7.15e-06,0.073,0.627,99.954
229,0.748,0.509,2.0,-7.092,1.0,0.0444,0.445,0.000358,0.165,0.824,123.976
230,0.546,0.859,1.0,-5.966,1.0,0.0306,0.00223,0.000947,0.0529,0.645,99.965
231,0.812,0.35,6.0,-7.566,0.0,0.0428,0.291,0.0295,0.0951,0.41,123.988
232,0.637,0.227,5.0,-12.486,0.0,0.0402,0.75,0.00853,0.119,0.611,180.29
233,0.307,0.625,5.0,-8.983,0.0,0.062,0.472,0.000577,0.144,0.183,180.467
234,0.693,0.323,3.0,-11.97,0.0,0.0306,0.405,2.19e-05,0.149,0.669,129.964
235,0.565,0.446,0.0,-9.26,0.0,0.0531,0.693,0.0,0.469,0.266,140.121
236,0.497,0.803,5.0,-4.46,0.0,0.132,0.0447,1.77e-05,0.424,0.155,183.883
237,0.74,0.666,0.0,-5.082,1.0,0.0441,0.318,5.4e-05,0.327,0.756,105.978
238,0.84,0.344,5.0,-8.613,0.0,0.0374,0.456,3.36e-05,0.35,0.526,111.994
239,0.586,0.563,10.0,-8.366,1.0,0.054,0.25,0.000687,0.113,0.283,82.791
240,0.66,0.139,6.0,-16.339,0.0,0.0323,0.964,1.1e-05,0.105,0.312,79.975
241,0.784,0.653,1.0,-6.022,1.0,0.0365,0.0126,2.48e-06,0.317,0.348,108.064
242,0.827,0.469,10.0,-9.141,0.0,0.341,0.0807,8.12e-06,0.207,0.196,97.028
243,0.925,0.381,6.0,-13.354,0.0,0.055,0.403,0.0,0.113,0.876,114.062
244,0.649,0.791,2.0,-6.013,1.0,0.193,0.104,1.97e-06,0.108,0.811,128.023
245,0.765,0.398,7.0,-8.993,0.0,0.037,0.0681,8.48e-06,0.14,0.348,95.976
246,0.726,0.408,11.0,-6.606,0.0,0.0614,0.603,0.0,0.225,0.459,115.918
247,0.765,0.356,11.0,-5.556,0.0,0.195,0.223,0.0,0.0963,0.189,96.991
248,0.639,0.633,3.0,-7.338,0.0,0.0352,0.574,0.000218,0.111,0.243,129.996
249,0.287,0.498,6.0,-7.523,0.0,0.177,0.581,7.56e-05,0.322,0.0634,171.725
250,0.665,0.612,2.0,-4.664,0.0,0.0314,0.487,0.000194,0.183,0.25,120.989
251,0.652,0.549,6.0,-7.555,0.0,0.039,0.317,0.0,0.104,0.186,120.073
252,0.65,0.711,0.0,-5.417,1.0,0.0377,0.0123,0.00943,0.301,0.319,89.019
253,0.514,0.78,10.0,-6.491,0.0,0.198,0.127,0.0,0.349,0.331,75.549
254,0.747,0.538,3.0,-6.478,0.0,0.0386,0.299,0.425,0.187,0.547,157.989
255,0.663,0.567,5.0,-5.941,0.0,0.0309,0.0938,0.00978,0.124,0.139,108.959
256,0.534,0.36,11.0,-12.942,0.0,0.0778,0.296,0.00158,0.382,0.387,153.985
257,0.754,0.342,10.0,-8.677,0.0,0.0991,0.073,0.0,0.193,0.423,128.981
258,0.644,0.283,1.0,-10.675,0.0,0.054,0.083,0.311,0.111,0.378,110.016
259,0.584,0.779,3.0,-5.656,0.0,0.0721,0.259,0.00606,0.28,0.518,94.841
260,0.613,0.488,8.0,-7.372,1.0,0.0959,0.129,2.13e-05,0.335,0.183,172.067
261,0.686,0.701,5.0,-5.702,0.0,0.0968,0.257,0.00281,0.088,0.605,173.994
262,0.41,0.169,3.0,-11.422,1.0,0.0485,0.847,0.00327,0.117,0.208,89.494
263,0.803,0.498,8.0,-5.389,0.0,0.0611,0.285,1.29e-06,0.161,0.836,92.034
264,0.537,0.411,7.0,-14.059,1.0,0.502,0.487,9.21e-06,0.3,0.207,94.292
265,0.648,0.681,2.0,-8.389,0.0,0.0378,0.263,0.00783,0.0971,0.767,157.941
266,0.438,0.634,5.0,-7.456,0.0,0.337,0.476,0.0,0.113,0.397,203.585
267,0.608,0.0664,1.0,-18.857,1.0,0.0596,0.758,0.945,0.0978,0.294,139.232
268,0.806,0.546,9.0,-6.637,1.0,0.0575,0.3,0.0,0.102,0.874,147.986
269,0.621,0.873,5.0,-3.067,0.0,0.0369,0.0406,9.1e-06,0.0824,0.873,97.96
270,0.616,0.804,0.0,-5.568,1.0,0.0427,0.0124,0.0998,0.553,0.627,99.002
271,0.602,0.881,1.0,-5.875,0.0,0.0443,0.00462,0.0266,0.111,0.577,125.012
272,0.731,0.664,0.0,-5.474,1.0,0.0302,0.00307,0.35,0.133,0.661,118.018
273,0.863,0.576,8.0,-5.691,1.0,0.0567,0.406,0.00824,0.141,0.932,100.03
274,0.664,0.848,11.0,-4.51,0.0,0.0322,0.0245,0.000127,0.172,0.502,104.998
275,0.602,0.88,1.0,-5.414,1.0,0.0354,0.057,0.46,0.284,0.493,114.009
276,0.381,0.829,10.0,-4.564,1.0,0.0598,0.0226,0.000274,0.402,0.509,165.935
277,0.791,0.542,0.0,-7.956,0.0,0.174,0.248,0.0,0.122,0.698,120.003
278,0.692,0.452,6.0,-8.18,1.0,0.116,0.0358,0.0,0.157,0.623,184.876
279,0.622,0.532,0.0,-7.143,1.0,0.128,0.269,5.37e-05,0.158,0.364,76.459
280,0.507,0.619,2.0,-8.347,0.0,0.216,0.23,0.0063,0.593,0.435,131.374
281,0.784,0.63,0.0,-5.894,1.0,0.0341,0.5,0.0238,0.115,0.564,91.994
282,0.397,0.48,6.0,-9.005,1.0,0.0494,0.277,3.88e-05,0.111,0.184,117.079
283,0.489,0.255,2.0,-7.623,1.0,0.0406,0.777,0.0,0.11,0.358,105.858
284,0.818,0.326,9.0,-9.705,1.0,0.0387,0.093,0.0218,0.261,0.531,120.027
285,0.691,0.689,4.0,-5.255,0.0,0.106,0.101,0.0,0.131,0.231,95.129
286,0.725,0.418,9.0,-8.799,1.0,0.0309,0.346,1.01e-06,0.0658,0.378,77.923
287,0.825,0.672,0.0,-7.108,1.0,0.418,0.0858,0.0,0.123,0.246,147.01
288,0.76,0.48,1.0,-8.535,0.0,0.226,0.585,0.0,0.717,0.877,90.01
289,0.872,0.37,5.0,-5.851,1.0,0.119,0.705,0.000318,0.143,0.489,100.047
290,0.631,0.8,2.0,-6.546,0.0,0.0506,0.188,0.000533,0.64,0.857,87.482
291,0.669,0.735,10.0,-7.264,1.0,0.329,0.459,0.0,0.103,0.723,117.284
292,0.457,0.477,8.0,-9.323,1.0,0.102,0.281,0.000822,0.0914,0.627,144.855
293,0.647,0.865,7.0,-6.952,0.0,0.0381,0.00636,0.412,0.0986,0.919,135.002
294,0.566,0.722,9.0,-7.294,0.0,0.0392,0.0186,0.145,0.408,0.142,125.026
295,0.805,0.702,1.0,-4.877,1.0,0.0887,0.0658,0.0,0.123,0.225,120.041
296,0.867,0.725,6.0,-5.199,0.0,0.141,0.0099,6.26e-06,0.127,0.537,91.966
297,0.718,0.85,9.0,-5.586,1.0,0.112,0.0185,2.22e-05,0.239,0.375,102.896
298,0.869,0.254,8.0,-9.526,1.0,0.071,0.0952,3.63e-05,0.191,0.822,116.559
299,0.767,0.392,1.0,-11.996,1.0,0.0945,0.154,0.000398,0.108,0.48,125.017
300,0.502,0.642,6.0,-10.719,1.0,0.483,0.664,0.0116,0.324,0.572,182.123
301,0.823,0.813,7.0,-6.71,1.0,0.288,0.0359,0.0,0.0886,0.373,95.012
302,0.687,0.319,0.0,-6.992,1.0,0.0292,0.485,0.0,0.176,0.216,109.772
303,0.677,0.33,2.0,-11.198,1.0,0.149,0.474,0.000871,0.064,0.336,68.985
304,0.865,0.576,4.0,-10.515,0.0,0.113,0.306,0.0362,0.377,0.609,119.974
305,0.522,0.613,3.0,-9.391,0.0,0.0375,0.169,0.00103,0.107,0.309,76.516
306,0.636,0.419,7.0,-6.462,1.0,0.0542,0.242,2.5e-06,0.0918,0.175,159.848
307,0.399,0.578,3.0,-3.298,0.0,0.0456,0.674,0.0,0.132,0.433,80.22
308,0.885,0.595,7.0,-5.487,1.0,0.286,0.656,4.42e-06,0.105,0.754,148.034
309,0.554,0.885,2.0,-6.212,1.0,0.0443,0.0323,0.0238,0.345,0.367,104.945
310,0.676,0.609,2.0,-5.831,0.0,0.481,0.0706,0.0,0.152,0.508,142.037
311,0.701,0.396,4.0,-10.182,0.0,0.119,0.112,0.0209,0.223,0.115,129.004
312,0.569,0.84,1.0,-4.123,1.0,0.118,0.0295,0.000118,0.0995,0.749,183.059
313,0.811,0.57,5.0,-8.093,1.0,0.129,0.253,0.0,0.148,0.814,128.066
314,0.727,0.456,9.0,-7.26,1.0,0.285,0.0705,0.0,0.124,0.548,111.331
315,0.813,0.837,1.0,-6.356,1.0,0.298,0.166,0.0,0.0835,0.744,84.965
316,0.777,0.957,11.0,-3.201,0.0,0.319,0.179,0.0,0.296,0.543,105.756
317,0.795,0.594,0.0,-6.2,1.0,0.0747,0.111,0.0,0.162,0.409,135.002
318,0.687,0.514,9.0,-6.612,0.0,0.0897,0.366,0.0,0.116,0.494,145.921
319,0.839,0.583,1.0,-5.941,1.0,0.268,0.239,0.0,0.262,0.564,87.99
320,0.607,0.451,4.0,-8.206,1.0,0.0286,0.0604,0.0,0.19,0.676,94.054
321,0.293,0.29,2.0,-11.596,1.0,0.0454,0.696,0.875,0.1,0.0373,128.276
322,0.456,0.682,7.0,-6.795,1.0,0.0416,0.847,0.0694,0.337,0.606,133.808
323,0.704,0.517,5.0,-7.999,0.0,0.312,0.314,6.36e-06,0.174,0.443,139.857
324,0.872,0.391,0.0,-9.144,0.0,0.242,0.469,4.13e-06,0.297,0.437,134.021
325,0.74,0.78,1.0,-7.624,0.0,0.209,0.171,0.0,0.0794,0.605,114.98
326,0.794,0.757,6.0,-6.644,0.0,0.123,0.0267,0.000306,0.0621,0.615,107.99
327,0.649,0.493,11.0,-7.645,0.0,0.11,0.586,0.000167,0.0667,0.277,104.542
328,0.829,0.435,0.0,-10.136,1.0,0.0515,0.0363,0.878,0.119,0.594,103.816
329,0.956,0.373,6.0,-7.963,1.0,0.0773,0.569,0.394,0.314,0.568,119.994
330,0.565,0.614,11.0,-6.277,1.0,0.397,0.0536,5.99e-05,0.0696,0.529,69.898
331,0.76,0.665,4.0,-7.021,0.0,0.0612,0.105,0.399,0.0945,0.808,92.992
332,0.755,0.756,0.0,-6.409,1.0,0.0556,0.00644,7.93e-05,0.279,0.786,98.003
333,0.552,0.741,11.0,-5.419,0.0,0.0542,0.284,8.2e-05,0.334,0.718,69.709
334,0.506,0.59,1.0,-4.322,1.0,0.076,0.165,1.09e-05,0.096,0.359,141.099
335,0.729,0.613,11.0,-8.242,1.0,0.136,0.747,0.000374,0.121,0.35,134.048
336,0.748,0.441,10.0,-7.653,0.0,0.0622,0.592,0.0,0.176,0.44,124.107
337,0.584,0.684,10.0,-4.314,0.0,0.567,0.312,9.05e-05,0.112,0.72,210.164
338,0.414,0.373,6.0,-10.59,0.0,0.028,0.506,0.0335,0.128,0.19,81.939
339,0.765,0.437,5.0,-8.994,0.0,0.0372,0.732,0.00331,0.167,0.667,117.99
340,0.632,0.637,7.0,-10.011,1.0,0.0348,0.0352,0.158,0.0997,0.614,111.551
341,0.537,0.701,1.0,-8.913,0.0,0.0335,0.0972,0.0,0.0832,0.583,120.919
342,0.661,0.472,7.0,-7.889,1.0,0.164,0.757,0.00275,0.192,0.206,73.986
343,0.303,0.9,2.0,-2.352,0.0,0.0574,0.0277,0.635,0.11,0.491,149.508
344,0.489,0.57,1.0,-10.291,1.0,0.306,0.759,2.1e-06,0.179,0.584,185.516
345,0.584,0.389,11.0,-12.315,1.0,0.154,0.689,0.0,0.319,0.288,79.976
346,0.684,0.862,6.0,-4.855,0.0,0.0952,0.0627,0.000177,0.126,0.275,120.02
347,0.478,0.326,3.0,-10.992,1.0,0.0693,0.468,0.000221,0.323,0.338,137.04
348,0.515,0.479,3.0,-7.458,1.0,0.0261,0.544,0.00598,0.191,0.284,88.964
349,0.862,0.614,5.0,-5.875,0.0,0.0393,0.246,0.00757,0.113,0.323,110.061
350,0.707,0.562,0.0,-7.621,1.0,0.0305,0.124,1.58e-05,0.561,0.418,98.094
351,0.71,0.47,1.0,-9.33,0.0,0.142,0.154,0.0,0.643,0.581,80.027
352,0.809,0.483,5.0,-6.886,1.0,0.0487,0.8,0.0,0.221,0.715,96.974
353,0.409,0.678,9.0,-7.731,1.0,0.0878,0.359,4.76e-06,0.167,0.168,89.968
354,0.619,0.87,0.0,-6.551,0.0,0.0599,0.0442,0.102,0.316,0.35,83.92
355,0.674,0.616,7.0,-3.471,1.0,0.0272,0.512,2.1e-06,0.331,0.551,94.934
356,0.697,0.849,10.0,-4.953,0.0,0.248,0.228,4.52e-05,0.493,0.734,81.956
357,0.736,0.795,1.0,-3.299,0.0,0.0545,0.498,1.21e-06,0.254,0.511,104.066
358,0.625,0.576,11.0,-5.693,0.0,0.175,0.0543,4.07e-05,0.187,0.235,179.063
359,0.64,0.33,0.0,-11.684,1.0,0.038,0.791,0.0,0.0911,0.359,97.968
360,0.593,0.589,11.0,-6.401,1.0,0.0366,0.462,3.88e-06,0.0937,0.306,148.055
361,0.228,0.615,7.0,-5.626,1.0,0.0328,0.0487,0.00293,0.327,0.12,166.035
362,0.754,0.631,7.0,-4.751,0.0,0.307,0.552,0.0,0.5,0.432,94.577
363,0.705,0.729,11.0,-7.01,0.0,0.221,0.0428,5.86e-05,0.224,0.549,165.901
364,0.678,0.191,4.0,-16.059,1.0,0.0391,0.525,0.0883,0.0999,0.111,134.466
365,0.38,0.723,1.0,-9.608,0.0,0.34,0.0774,2.52e-06,0.92,0.804,143.285
366,0.734,0.783,5.0,-6.482,0.0,0.0283,0.172,0.0147,0.106,0.595,107.016
367,0.513,0.796,1.0,-4.075,1.0,0.0629,0.00147,0.000209,0.0938,0.345,171.017
368,0.688,0.65,6.0,-7.406,1.0,0.0833,0.351,0.0,0.106,0.553,99.977
369,0.945,0.702,11.0,-5.016,0.0,0.12,0.591,0.000538,0.0788,0.678,119.887
370,0.604,0.435,4.0,-9.191,0.0,0.135,0.0326,0.0,0.091,0.112,136.827
371,0.776,0.503,0.0,-5.732,0.0,0.237,0.874,0.0,0.112,0.473,110.134
372,0.387,0.315,3.0,-9.477,1.0,0.0301,0.798,0.000381,0.086,0.232,135.388
373,0.482,0.386,11.0,-10.849,1.0,0.0388,0.499,0.0715,0.14,0.0697,116.645
374,0.745,0.807,9.0,-5.79,0.0,0.0719,0.114,4.97e-05,0.0917,0.454,117.96
375,0.466,0.548,5.0,-9.362,0.0,0.118,0.42,1.01e-06,0.113,0.423,89.815
376,0.603,0.574,2.0,-7.168,1.0,0.304,0.0991,0.0,0.307,0.588,169.797
377,0.337,0.462,0.0,-9.955,1.0,0.0294,0.0365,0.0152,0.0782,0.182,199.991
378,0.472,0.448,6.0,-7.272,0.0,0.326,0.113,0.0,0.0914,0.636,166.077
379,0.598,0.252,2.0,-15.086,1.0,0.0644,0.194,0.133,0.0992,0.0352,120.064
380,0.865,0.652,5.0,-9.046,1.0,0.143,0.566,0.000919,0.0833,0.829,90.081
381,0.525,0.558,9.0,-9.132,1.0,0.379,0.259,9.19e-06,0.877,0.383,144.744
382,0.599,0.013,5.0,-32.126,0.0,0.0348,0.988,0.911,0.129,0.359,94.972
383,0.386,0.383,4.0,-11.561,0.0,0.0306,0.194,0.00336,0.151,0.0926,75.039
384,0.861,0.647,7.0,-7.425,1.0,0.0675,0.594,0.661,0.114,0.67,158.037
385,0.611,0.459,0.0,-3.926,0.0,0.0422,0.614,0.0,0.126,0.177,148.28
386,0.811,0.424,4.0,-6.798,0.0,0.0321,0.00457,0.4,0.0802,0.831,99.992
387,0.575,0.714,6.0,-5.247,1.0,0.0596,0.395,0.0,0.115,0.32,144.982
388,0.756,0.609,3.0,-7.927,1.0,0.0544,0.217,0.00474,0.096,0.537,117.023
389,0.529,0.9,1.0,-3.503,1.0,0.418,0.000248,1.21e-05,0.0426,0.434,180.291
390,0.373,0.449,10.0,-11.646,1.0,0.144,0.892,1.26e-05,0.175,0.327,137.866
391,0.779,0.495,8.0,-7.621,1.0,0.0381,0.731,0.000332,0.132,0.546,128.992
392,0.819,0.458,4.0,-10.223,0.0,0.167,0.582,0.173,0.128,0.232,122.981
393,0.555,0.434,9.0,-13.79,0.0,0.333,0.528,0.0,0.102,0.125,100.516
394,0.703,0.757,1.0,-3.612,1.0,0.05,0.617,0.0,0.106,0.696,82.008
395,0.732,0.75,11.0,-6.366,0.0,0.231,0.00264,0.0,0.109,0.401,155.096
396,0.854,0.569,5.0,-8.151,0.0,0.106,0.0609,0.0816,0.1,0.294,80.015
397,0.593,0.37,11.0,-11.674,0.0,0.397,0.832,0.0,0.108,0.312,135.391
398,0.687,0.672,0.0,-5.975,0.0,0.0573,0.198,0.0,0.175,0.792,80.035
399,0.718,0.628,10.0,-6.007,0.0,0.223,0.543,0.0,0.116,0.722,92.107
400,0.545,0.423,7.0,-11.062,1.0,0.394,0.00217,2.6e-06,0.218,0.33,150.725
401,0.334,0.485,5.0,-8.838,1.0,0.076,0.666,0.00418,0.14,0.436,169.434
402,0.664,0.522,8.0,-9.677,1.0,0.11,0.729,0.000126,0.0935,0.289,134.047
403,0.646,0.681,7.0,-5.847,1.0,0.0764,0.683,4.84e-06,0.107,0.421,131.896
404,0.502,0.49,10.0,-10.516,1.0,0.0502,0.353,0.00806,0.23,0.302,79.383
405,0.36,0.532,11.0,-5.993,1.0,0.143,0.587,0.0777,0.185,0.43,198.958
406,0.547,0.606,10.0,-6.944,0.0,0.171,0.153,0.0328,0.764,0.482,84.671
407,0.598,0.427,7.0,-8.764,0.0,0.0317,0.0546,5.83e-06,0.21,0.0605,76.469
408,0.379,0.375,9.0,-12.965,1.0,0.0322,0.873,0.0452,0.187,0.37,169.156
409,0.826,0.365,1.0,-7.024,1.0,0.0412,0.849,3.8e-06,0.186,0.802,85.244
410,0.592,0.894,2.0,-6.077,0.0,0.0626,0.273,0.0177,0.694,0.385,101.245
411,0.55,0.715,5.0,-6.346,1.0,0.365,0.105,0.0,0.295,0.579,176.21
412,0.707,0.238,3.0,-8.818,1.0,0.0379,0.0905,2.42e-06,0.0842,0.345,124.156
413,0.521,0.2,8.0,-15.759,1.0,0.0407,0.762,0.433,0.138,0.348,117.811
414,0.474,0.408,7.0,-19.157,1.0,0.0353,0.56,0.645,0.413,0.791,137.346
415,0.57,0.725,5.0,-6.765,0.0,0.273,0.21,0.0,0.225,0.683,111.625
416,0.733,0.478,1.0,-8.922,1.0,0.368,0.186,0.0,0.099,0.475,161.87
417,0.846,0.384,6.0,-5.943,0.0,0.132,0.174,0.0,0.0895,0.42,141.983
418,0.776,0.388,0.0,-9.143,1.0,0.282,0.147,0.0,0.394,0.294,75.01
419,0.808,0.647,11.0,-6.947,0.0,0.166,0.0716,0.000466,0.205,0.29,110.036
420,0.471,0.496,7.0,-9.983,1.0,0.199,0.399,0.00083,0.378,0.569,160.093
421,0.611,0.635,2.0,-7.016,1.0,0.31,0.367,0.00568,0.068,0.739,82.087
422,0.632,0.625,2.0,-5.781,1.0,0.291,0.0644,0.0,0.689,0.535,139.981
423,0.672,0.452,0.0,-7.947,1.0,0.0738,0.194,0.0,0.251,0.514,82.012
424,0.659,0.493,4.0,-9.161,1.0,0.0357,0.147,3.46e-06,0.114,0.497,92.989
425,0.775,0.308,6.0,-12.652,1.0,0.0905,0.215,1.43e-05,0.104,0.633,75.954
426,0.502,0.392,1.0,-18.529,0.0,0.0471,0.637,0.443,0.221,0.691,148.594
427,0.614,0.644,11.0,-5.672,0.0,0.373,0.184,0.0,0.489,0.649,84.788
428,0.748,0.715,2.0,-5.137,1.0,0.0451,0.249,0.0369,0.164,0.226,130.087
429,0.819,0.4,9.0,-8.302,0.0,0.334,0.0724,0.0,0.0729,0.55,130.048
430,0.453,0.538,1.0,-8.212,1.0,0.0638,0.449,0.0,0.19,0.516,122.973
431,0.869,0.747,9.0,-7.143,1.0,0.151,0.512,0.0,0.124,0.784,124.932
432,0.643,0.573,4.0,-7.034,1.0,0.0709,0.41,0.00017,0.0695,0.47,165.192
433,0.69,0.387,11.0,-9.116,0.0,0.0627,0.416,0.239,0.252,0.471,83.981
434,0.467,0.399,5.0,-11.709,1.0,0.123,0.367,4.24e-05,0.245,0.279,110.484
435,0.812,0.6,6.0,-8.068,0.0,0.425,0.0237,0.0,0.0635,0.918,159.991
436,0.481,0.62,7.0,-9.423,1.0,0.499,0.697,1.26e-06,0.558,0.577,74.032
437,0.581,0.605,5.0,-6.646,0.0,0.308,0.0204,0.0,0.139,0.161,160.19
438,0.337,0.72,6.0,-7.347,1.0,0.313,0.0973,0.0,0.18,0.223,72.063
439,0.722,0.702,7.0,-6.688,1.0,0.347,0.0127,0.0051,0.384,0.424,150.056
440,0.423,0.294,5.0,-13.673,0.0,0.0593,0.882,5.43e-06,0.0981,0.401,129.146
441,0.739,0.419,3.0,-8.241,0.0,0.0854,0.219,0.0,0.196,0.58,60.493
442,0.594,0.404,9.0,-17.924,1.0,0.0333,0.555,0.858,0.707,0.751,114.425
443,0.586,0.724,0.0,-6.102,1.0,0.265,0.567,7.98e-06,0.105,0.504,85.08
444,0.324,0.498,9.0,-16.908,1.0,0.0531,0.765,0.709,0.186,0.607,163.94
445,0.516,0.638,7.0,-6.673,0.0,0.0796,0.614,0.0,0.099,0.642,180.216
446,0.658,0.475,7.0,-11.703,1.0,0.0292,0.521,0.0067,0.176,0.685,153.851
447,0.574,0.795,5.0,-3.919,1.0,0.318,0.0257,0.0,0.132,0.723,80.975
448,0.536,0.915,2.0,-4.993,1.0,0.0581,0.154,0.000788,0.372,0.472,115.037
449,0.661,0.869,5.0,-5.477,1.0,0.0334,0.078,0.924,0.398,0.8,126.971
450,0.763,0.663,2.0,-6.285,1.0,0.103,0.0665,0.534,0.412,0.347,114.994
451,0.409,0.792,10.0,-5.68,1.0,0.0415,0.0881,0.000576,0.103,0.195,95.072
452,0.469,0.537,9.0,-10.421,1.0,0.152,0.0241,0.00201,0.269,0.783,124.193
453,0.807,0.287,1.0,-9.852,0.0,0.0386,0.6,0.0,0.105,0.466,89.975
454,0.493,0.473,2.0,-17.13,1.0,0.0782,0.286,0.235,0.922,0.684,120.877
455,0.755,0.553,6.0,-9.449,0.0,0.107,0.0492,0.00607,0.0646,0.836,119.7
456,0.622,0.446,9.0,-9.647,0.0,0.22,0.318,0.0135,0.0904,0.168,68.85
457,0.794,0.44,0.0,-7.861,0.0,0.131,0.0806,0.0,0.198,0.276,138.024
458,0.636,0.505,1.0,-8.397,1.0,0.385,0.166,0.0,0.15,0.342,76.099
459,0.776,0.72,0.0,-5.794,1.0,0.0539,0.106,3.21e-06,0.134,0.799,83.988
460,0.43,0.542,0.0,-8.094,0.0,0.129,0.374,0.225,0.117,0.345,167.509
461,0.732,0.464,7.0,-8.591,0.0,0.301,0.309,0.0,0.107,0.353,82.494
462,0.868,0.521,1.0,-7.837,0.0,0.426,0.378,0.0,0.374,0.407,117.146
463,0.611,0.714,9.0,-4.696,0.0,0.856,0.184,0.0,0.145,0.628,196.043
464,0.674,0.814,2.0,-5.861,1.0,0.0692,0.0236,0.0,0.401,0.183,138.017
465,0.792,0.839,0.0,-2.887,1.0,0.0429,0.0862,0.0,0.194,0.354,116.985
466,0.603,0.602,6.0,-7.083,1.0,0.23,0.049,0.0,0.279,0.595,119.703
467,0.829,0.521,10.0,-5.583,1.0,0.138,0.858,0.0,0.13,0.367,106.016
468,0.881,0.357,9.0,-9.657,1.0,0.0765,0.507,0.0,0.114,0.55,109.973
469,0.686,0.469,1.0,-9.065,1.0,0.291,0.612,0.0,0.121,0.156,72.998
470,0.66,0.447,1.0,-9.026,0.0,0.0482,0.81,2.15e-06,0.11,0.578,84.95
471,0.657,0.711,0.0,-5.355,1.0,0.374,0.0135,0.0,0.221,0.368,86.957
472,0.351,0.622,8.0,-6.495,0.0,0.235,0.256,3.44e-05,0.613,0.457,83.375
473,0.595,0.657,1.0,-6.498,0.0,0.183,0.462,0.000597,0.437,0.718,156.093
474,0.654,0.325,2.0,-11.925,1.0,0.282,0.74,2.14e-05,0.152,0.39,139.886
475,0.605,0.887,8.0,-3.108,0.0,0.385,0.171,0.0,0.151,0.542,158.274
476,0.796,0.586,4.0,-6.946,0.0,0.147,0.0247,0.0,0.132,0.179,97.981
477,0.658,0.785,0.0,-8.513,1.0,0.036,0.181,0.00223,0.724,0.345,125.015
478,0.744,0.804,1.0,-6.327,1.0,0.0677,0.0231,0.0,0.0494,0.426,104.823
479,0.691,0.553,1.0,-7.107,1.0,0.0341,0.377,0.00409,0.108,0.158,102.045
480,0.389,0.507,11.0,-9.026,1.0,0.0621,0.259,0.0441,0.142,0.364,74.718
481,0.213,0.833,9.0,-10.946,1.0,0.065,0.00432,0.0289,0.266,0.672,155.719
482,0.53,0.593,11.0,-8.198,0.0,0.144,0.0558,8.33e-06,0.0962,0.363,85.031
483,0.843,0.676,2.0,-4.467,1.0,0.0469,0.223,4.78e-06,0.0949,0.666,122.002
484,0.78,0.495,5.0,-7.454,0.0,0.0466,0.44,0.00122,0.165,0.529,100.043
485,0.714,0.62,11.0,-5.045,1.0,0.296,0.223,0.0,0.109,0.73,80.109
486,0.865,0.248,8.0,-9.537,1.0,0.0677,0.101,4.24e-05,0.168,0.831,116.578
487,0.734,0.776,2.0,-4.193,1.0,0.0826,0.0406,0.193,0.0547,0.843,78.542
488,0.736,0.68,2.0,-8.892,1.0,0.0903,0.0131,0.0371,0.209,0.21,114.968
489,0.692,0.713,10.0,-4.489,0.0,0.351,0.343,0.0,0.102,0.615,137.36
490,0.817,0.585,5.0,-4.688,1.0,0.0301,0.439,0.0,0.147,0.916,105.014
491,0.771,0.522,11.0,-12.193,1.0,0.0368,0.571,0.0,0.145,0.94,128.641
492,0.498,0.246,9.0,-13.41,1.0,0.0342,0.727,0.000374,0.0781,0.152,151.255
493,0.74,0.322,0.0,-9.26,1.0,0.0399,0.551,0.000763,0.17,0.629,102.889
494,0.482,0.569,0.0,-5.897,1.0,0.0328,0.617,0.0,0.155,0.609,70.843
495,0.553,0.291,4.0,-10.426,0.0,0.0301,0.878,0.0,0.129,0.407,96.217
496,0.673,0.871,1.0,-5.781,0.0,0.415,0.433,0.0,0.477,0.232,89.186
497,0.551,0.851,1.0,-3.277,1.0,0.197,0.0748,0.0,0.0784,0.1,171.411
498,0.722,0.567,7.0,-8.227,0.0,0.0294,0.198,0.0,0.0743,0.634,91.911
499,0.722,0.329,0.0,-11.617,0.0,0.108,0.088,0.0,0.081,0.166,99.991
500,0.733,0.664,8.0,-6.163,1.0,0.295,0.102,0.0,0.191,0.557,148.005
501,0.691,0.542,1.0,-8.161,1.0,0.145,0.0112,0.0,0.098,0.587,80.052
502,0.508,0.52,8.0,-9.621,1.0,0.164,0.378,7.56e-06,0.116,0.731,143.198
503,0.569,0.14,6.0,-13.219,1.0,0.0597,0.838,0.0,0.177,0.323,120.788
504,0.287,0.485,7.0,-13.155,0.0,0.0498,0.577,0.898,0.322,0.127,135.86
505,0.266,0.294,7.0,-11.938,0.0,0.0291,0.771,0.697,0.107,0.0397,137.941
506,0.472,0.366,11.0,-12.595,0.0,0.0286,0.15,0.308,0.0837,0.171,127.167
507,0.421,0.539,11.0,-5.456,0.0,0.274,0.779,0.0,0.111,0.523,89.177
508,0.608,0.768,0.0,-5.227,1.0,0.0475,0.0913,0.0,0.0629,0.809,88.059
509,0.739,0.756,4.0,-4.828,1.0,0.0394,0.0136,0.0,0.37,0.523,110.028
510,0.651,0.663,0.0,-5.569,0.0,0.0281,0.228,0.0,0.0994,0.465,102.0
511,0.705,0.326,5.0,-12.022,0.0,0.0581,0.416,2.88e-06,0.219,0.477,89.965
512,0.547,0.695,9.0,-4.969,1.0,0.0337,0.108,0.00301,0.14,0.641,144.684
513,0.444,0.287,5.0,-10.631,0.0,0.0375,0.849,2.82e-06,0.161,0.246,124.027
514,0.64,0.521,1.0,-11.137,1.0,0.27,0.565,0.0,0.628,0.414,99.998
515,0.528,0.523,7.0,-4.82,1.0,0.0523,0.833,1.53e-06,0.103,0.692,93.06
516,0.617,0.172,8.0,-13.862,0.0,0.0583,0.145,0.0,0.0544,0.605,144.759
517,0.903,0.445,7.0,-9.402,1.0,0.35,0.29,5.61e-05,0.0929,0.668,97.953
518,0.89,0.514,9.0,-8.146,1.0,0.396,0.105,0.0,0.122,0.352,131.947
519,0.8,0.564,7.0,-7.197,0.0,0.296,0.226,0.000127,0.0954,0.677,97.084
520,0.693,0.371,6.0,-8.79,0.0,0.244,0.35,9.97e-05,0.183,0.554,91.941
521,0.392,0.473,8.0,-11.377,0.0,0.118,0.824,1.56e-05,0.117,0.284,111.317
522,0.719,0.676,5.0,-5.933,0.0,0.301,0.125,0.0,0.3,0.811,75.993
523,0.82,0.413,8.0,-8.164,1.0,0.0658,0.654,8.38e-05,0.144,0.575,115.544
524,0.777,0.41,0.0,-6.533,1.0,0.0612,0.687,8.27e-05,0.517,0.552,127.963
525,0.759,0.374,1.0,-7.851,1.0,0.107,0.432,0.000108,0.0714,0.562,141.917
526,0.825,0.548,6.0,-6.899,1.0,0.0809,0.441,0.000842,0.179,0.792,98.976
527,0.431,0.47,4.0,-17.21,1.0,0.162,0.842,0.657,0.936,0.722,153.816
528,0.681,0.586,7.0,-8.324,0.0,0.058,0.169,0.0,0.0924,0.604,94.539
529,0.716,0.823,5.0,-5.313,0.0,0.0495,0.132,0.0,0.361,0.91,151.957
530,0.885,0.762,8.0,-5.513,0.0,0.216,0.219,0.0,0.162,0.605,138.058
531,0.746,0.787,4.0,-6.373,1.0,0.12,0.212,0.0,0.0669,0.607,95.005
532,0.656,0.438,7.0,-8.631,1.0,0.0282,0.797,0.0522,0.142,0.305,119.996
533,0.681,0.333,9.0,-8.582,1.0,0.0974,0.588,0.0,0.086,0.564,118.05
534,0.653,0.668,0.0,-8.183,1.0,0.0881,0.00116,0.00269,0.0731,0.711,160.048
535,0.879,0.564,10.0,-7.682,0.0,0.247,0.0474,9.43e-06,0.0519,0.523,93.908
536,0.662,0.507,5.0,-8.238,1.0,0.118,0.257,0.0,0.0465,0.676,86.412
537,0.505,0.397,5.0,-9.349,1.0,0.324,0.716,0.0,0.0853,0.558,95.063
538,0.657,0.734,8.0,-4.832,0.0,0.484,0.149,0.0,0.139,0.434,91.03
539,0.77,0.693,0.0,-5.632,1.0,0.251,0.112,1.26e-05,0.0993,0.627,92.202
540,0.623,0.487,1.0,-7.954,1.0,0.113,0.0322,0.0,0.146,0.507,138.893
541,0.673,0.683,1.0,-5.693,1.0,0.115,0.522,0.0,0.235,0.713,171.86
542,0.802,0.785,9.0,-4.781,1.0,0.207,0.14,0.0,0.123,0.435,99.998
543,0.795,0.523,1.0,-7.165,1.0,0.0423,0.061,0.0,0.0914,0.855,133.024
544,0.803,0.454,8.0,-4.802,0.0,0.0294,0.352,0.0,0.0655,0.739,99.99
545,0.763,0.629,7.0,-8.66,0.0,0.225,0.0891,0.0,0.169,0.709,142.149
546,0.657,0.734,8.0,-4.832,0.0,0.484,0.149,0.0,0.139,0.434,91.03
547,0.576,0.807,6.0,-3.908,0.0,0.317,0.353,0.000363,0.0512,0.908,90.012
548,0.427,0.861,1.0,-4.874,1.0,0.376,0.219,0.0,0.277,0.581,161.776
549,0.536,0.612,4.0,-5.847,1.0,0.272,0.119,0.0,0.209,0.57,86.768
550,0.543,0.298,0.0,-9.167,1.0,0.0683,0.597,1.49e-06,0.0804,0.254,125.523
551,0.638,0.708,1.0,-5.342,0.0,0.0754,0.0973,0.0,0.177,0.606,84.978
552,0.662,0.297,8.0,-14.525,1.0,0.0301,0.888,0.108,0.119,0.434,94.023
553,0.64,0.548,7.0,-6.965,1.0,0.147,0.543,3.1e-06,0.303,0.181,148.077
554,0.973,0.502,10.0,-6.133,0.0,0.282,0.0206,0.000352,0.132,0.606,110.054
555,0.764,0.692,6.0,-7.769,0.0,0.0828,0.148,4.12e-05,0.129,0.433,119.918
556,0.76,0.524,1.0,-7.67,0.0,0.0323,0.0542,0.5,0.112,0.112,119.603
557,0.79,0.647,10.0,-5.983,0.0,0.136,0.0515,0.0,0.248,0.654,87.999
558,0.767,0.561,2.0,-7.418,0.0,0.0509,0.118,0.0,0.0737,0.542,90.021
559,0.921,0.537,9.0,-5.723,0.0,0.0804,0.556,0.00404,0.102,0.711,128.009
560,0.74,0.613,8.0,-4.88,1.0,0.145,0.258,0.00372,0.123,0.473,75.023
561,0.669,0.419,1.0,-6.724,0.0,0.522,0.376,0.0,0.187,0.0397,109.813
562,0.573,0.545,7.0,-4.247,0.0,0.0288,0.0969,0.0,0.329,0.297,83.378
563,0.643,0.646,10.0,-2.442,0.0,0.0629,0.0393,0.0,0.109,0.35,80.174
564,0.556,0.432,3.0,-8.551,1.0,0.545,0.495,0.0,0.308,0.352,164.235
565,0.683,0.776,1.0,-3.251,0.0,0.341,0.15,0.0,0.227,0.223,173.996
566,0.925,0.31,11.0,-6.531,0.0,0.291,0.123,0.0,0.0931,0.291,121.927
567,0.752,0.396,2.0,-7.932,1.0,0.411,0.867,0.0,0.0486,0.417,116.016
568,0.841,0.682,2.0,-7.007,1.0,0.0458,0.113,9.65e-05,0.131,0.338,94.985
569,0.765,0.542,1.0,-6.755,1.0,0.39,0.278,1.87e-05,0.609,0.734,171.945
570,0.431,0.377,2.0,-9.753,1.0,0.0288,0.749,0.0,0.211,0.353,173.67
571,0.746,0.609,9.0,-10.14,1.0,0.0332,0.357,0.00713,0.959,0.608,99.94
572,0.392,0.456,9.0,-9.679,1.0,0.0424,0.725,0.0651,0.674,0.36,143.591
573,0.25,0.903,11.0,-4.772,0.0,0.081,0.0575,0.000383,0.966,0.571,172.182
574,0.713,0.472,2.0,-8.02,0.0,0.0311,0.799,0.02,0.137,0.649,102.055
575,0.611,0.313,4.0,-10.242,1.0,0.0339,0.835,0.000315,0.111,0.378,134.858
576,0.53,0.199,9.0,-10.217,1.0,0.0303,0.909,0.000453,0.133,0.239,150.191
577,0.493,0.315,2.0,-7.359,1.0,0.0287,0.834,0.00662,0.107,0.243,139.514
578,0.794,0.653,7.0,-7.839,1.0,0.104,0.0489,4.88e-05,0.1,0.397,117.996
579,0.792,0.625,1.0,-5.609,1.0,0.0536,0.00776,0.0018,0.329,0.37,103.967
580,0.834,0.433,0.0,-9.607,1.0,0.174,0.0258,0.0,0.633,0.229,133.938
581,0.59,0.468,10.0,-11.083,0.0,0.185,0.0789,0.0,0.101,0.349,92.287
582,0.878,0.406,1.0,-9.961,1.0,0.248,0.134,0.000234,0.112,0.784,128.014
583,0.623,0.74,1.0,-6.942,1.0,0.307,0.0635,0.0,0.366,0.35,82.877
584,0.582,0.677,7.0,-7.081,1.0,0.172,0.0312,6.6e-06,0.122,0.205,193.818
585,0.429,0.43,2.0,-11.373,1.0,0.165,0.338,1.18e-05,0.138,0.125,174.983
586,0.405,0.911,7.0,-6.842,0.0,0.0561,0.346,0.0687,0.695,0.306,118.461
587,0.634,0.596,1.0,-9.687,0.0,0.0466,0.0277,0.0178,0.784,0.565,79.576
588,0.549,0.324,2.0,-10.743,1.0,0.0339,0.576,0.00189,0.92,0.459,109.738
589,0.602,0.816,9.0,-7.579,1.0,0.0537,0.00539,0.0494,0.689,0.453,92.801
590,0.408,0.623,4.0,-8.054,1.0,0.0312,0.43,0.00105,0.707,0.371,183.202
591,0.496,0.364,7.0,-10.579,1.0,0.0439,0.678,0.175,0.351,0.277,96.356
592,0.543,0.344,7.0,-9.599,1.0,0.035,0.673,0.00329,0.813,0.477,115.281
593,0.846,0.507,1.0,-11.352,0.0,0.0396,0.302,0.0293,0.513,0.736,97.944
594,0.437,0.812,2.0,-7.12,1.0,0.0327,0.00897,0.0061,0.164,0.498,90.507
595,0.597,0.924,1.0,-6.544,1.0,0.0425,0.165,0.00743,0.127,0.799,109.841
596,0.232,0.968,7.0,-5.597,1.0,0.102,0.000379,0.136,0.938,0.419,188.686
597,0.556,0.702,0.0,-10.079,0.0,0.205,0.517,0.0,0.342,0.793,155.948
598,0.684,0.486,1.0,-10.155,1.0,0.132,0.00268,0.000148,0.157,0.355,131.913
599,0.487,0.712,8.0,-7.323,1.0,0.27,5.2e-05,0.0,0.198,0.397,156.209
600,0.492,0.26,9.0,-17.341,0.0,0.0921,0.646,0.00178,0.0705,0.312,111.519
601,0.629,0.515,0.0,-10.358,0.0,0.265,0.0267,1.22e-05,0.0888,0.299,121.845
602,0.418,0.546,0.0,-9.057,0.0,0.238,0.227,0.0,0.229,0.294,160.152
603,0.636,0.566,6.0,-7.16,0.0,0.106,0.365,0.000353,0.0917,0.425,151.894
604,0.489,0.57,1.0,-10.291,1.0,0.306,0.759,2.1e-06,0.179,0.584,185.516
605,0.758,0.465,7.0,-6.547,1.0,0.0374,0.489,5.21e-05,0.116,0.759,138.902
606,0.85,0.461,6.0,-9.018,0.0,0.0539,0.591,0.0409,0.1,0.628,94.038
607,0.718,0.583,7.0,-7.884,1.0,0.0288,0.623,0.000662,0.0612,0.422,119.97
608,0.761,0.598,9.0,-5.838,0.0,0.0268,0.151,0.00259,0.0314,0.937,103.978
609,0.858,0.6,2.0,-6.677,1.0,0.063,0.547,0.00113,0.132,0.513,106.023
610,0.822,0.318,10.0,-12.391,1.0,0.0575,0.493,0.0128,0.11,0.138,102.998
611,0.889,0.372,7.0,-10.254,0.0,0.357,0.013,0.0,0.184,0.123,133.997
612,0.85,0.473,10.0,-5.747,0.0,0.209,0.117,0.0103,0.108,0.38,85.454
613,0.585,0.909,8.0,-6.474,1.0,0.0707,0.0891,9.7e-05,0.119,0.758,93.372
614,0.486,0.849,1.0,-5.432,1.0,0.246,0.0481,0.0,0.143,0.519,152.086
615,0.754,0.575,4.0,-8.393,0.0,0.0682,0.045,0.00131,0.276,0.491,86.009
616,0.899,0.586,11.0,-7.866,0.0,0.343,0.279,0.0,0.0836,0.492,150.002
617,0.912,0.412,7.0,-8.074,1.0,0.123,0.0165,0.0126,0.104,0.423,154.983
618,0.654,0.76,0.0,-3.669,0.0,0.045,0.0797,0.0,0.299,0.41,99.945
619,0.609,0.378,4.0,-9.828,1.0,0.438,0.835,0.0,0.28,0.515,100.418
620,0.845,0.567,5.0,-8.118,0.0,0.0956,0.59,0.00142,0.0811,0.793,125.02
621,0.282,0.499,4.0,-7.969,1.0,0.0292,0.273,0.908,0.153,0.279,95.95
622,0.914,0.572,2.0,-8.82,1.0,0.166,0.0709,0.00237,0.0599,0.203,123.963
623,0.636,0.501,11.0,-7.26,0.0,0.329,0.413,0.0,0.339,0.196,82.309
624,0.8,0.406,6.0,-8.892,0.0,0.268,0.636,0.0,0.109,0.274,120.999
625,0.81,0.353,6.0,-9.931,0.0,0.31,0.588,0.0,0.102,0.0727,88.031
626,0.901,0.464,5.0,-9.789,0.0,0.0645,0.368,1.71e-05,0.238,0.638,109.004
627,0.828,0.689,7.0,-7.878,1.0,0.0326,0.325,0.0384,0.0808,0.853,123.931
628,0.657,0.481,1.0,-8.503,0.0,0.0815,0.799,6.03e-06,0.105,0.161,88.348
629,0.764,0.534,1.0,-10.966,0.0,0.0982,0.546,0.0823,0.404,0.647,143.519
630,0.624,0.803,9.0,-5.107,0.0,0.218,0.0453,0.0,0.318,0.172,92.401
631,0.442,0.71,7.0,-5.142,1.0,0.684,0.0264,0.0,0.618,0.508,205.116
632,0.885,0.477,6.0,-9.196,0.0,0.0664,0.000131,0.000664,0.336,0.691,130.078
633,0.747,0.662,1.0,-7.9,0.0,0.0796,0.0118,0.0,0.138,0.63,88.926
634,0.765,0.29,4.0,-17.117,0.0,0.139,0.0279,1.02e-06,0.571,0.506,92.409
635,0.824,0.707,9.0,-7.893,1.0,0.285,0.415,0.0,0.106,0.847,94.708
636,0.539,0.363,10.0,-13.888,0.0,0.166,0.701,3.18e-06,0.14,0.549,136.422
637,0.486,0.797,9.0,-7.632,0.0,0.231,0.06,0.0,0.331,0.745,87.445
638,0.535,0.505,2.0,-8.926,0.0,0.245,0.0393,0.0,0.0923,0.495,99.935
639,0.593,0.619,3.0,-9.003,0.0,0.0976,0.118,0.0,0.484,0.668,80.02
640,0.904,0.627,1.0,-6.186,1.0,0.103,0.0573,0.0,0.108,0.555,139.984
641,0.855,0.627,9.0,-8.136,1.0,0.22,0.31,0.0,0.104,0.339,139.89
642,0.921,0.607,1.0,-7.397,1.0,0.209,0.525,1.12e-06,0.123,0.753,140.071
643,0.854,0.708,1.0,-5.805,0.0,0.244,0.175,0.0,0.241,0.172,118.032
644,0.847,0.563,6.0,-7.964,0.0,0.422,0.0326,0.0,0.146,0.437,168.095
645,0.753,0.736,1.0,-6.157,0.0,0.0865,0.102,0.0,0.189,0.272,140.994
646,0.699,0.508,8.0,-6.44,1.0,0.047,0.267,8.4e-05,0.0609,0.474,93.971
647,0.572,0.572,6.0,-8.324,1.0,0.301,0.254,0.0,0.191,0.61,94.897
648,0.81,0.538,0.0,-5.784,0.0,0.0356,0.528,0.0,0.0951,0.828,109.97
649,0.668,0.673,1.0,-5.714,1.0,0.145,0.48,0.0,0.194,0.727,171.812
650,0.698,0.454,1.0,-6.756,0.0,0.151,0.123,0.0,0.155,0.137,92.932
651,0.844,0.454,1.0,-9.028,1.0,0.259,0.0723,0.787,0.126,0.274,155.029
652,0.779,0.597,9.0,-9.652,0.0,0.434,0.723,4.47e-05,0.0508,0.646,173.986
653,0.884,0.346,8.0,-8.228,0.0,0.351,0.0151,7.04e-06,0.0871,0.376,75.016
654,0.739,0.405,0.0,-10.897,1.0,0.0852,0.442,0.211,0.158,0.127,157.09
655,0.9,0.365,10.0,-6.395,0.0,0.235,0.147,0.185,0.179,0.136,135.003
656,0.862,0.274,0.0,-5.818,0.0,0.484,0.0974,0.185,0.183,0.146,77.493
657,0.845,0.399,1.0,-7.509,1.0,0.309,0.00525,0.74,0.102,0.148,143.049
658,0.88,0.428,9.0,-8.28,1.0,0.206,0.149,5.07e-05,0.114,0.333,100.007
659,0.782,0.436,2.0,-7.033,1.0,0.155,0.331,1.3e-05,0.342,0.243,82.994
660,0.87,0.35,1.0,-6.082,1.0,0.277,0.00661,0.000483,0.108,0.175,74.963
661,0.879,0.41,8.0,-9.233,1.0,0.551,0.000897,2.09e-05,0.108,0.0703,80.011
662,0.864,0.608,1.0,-10.567,0.0,0.275,0.0531,1.2e-05,0.078,0.963,80.225
663,0.96,0.55,5.0,-8.012,0.0,0.197,0.0187,0.0,0.112,0.798,130.022
664,0.89,0.607,9.0,-6.916,0.0,0.124,0.158,0.000228,0.118,0.224,134.022
665,0.892,0.633,8.0,-7.471,1.0,0.0902,0.0467,0.000189,0.139,0.459,137.994
666,0.872,0.591,6.0,-6.952,0.0,0.359,0.111,0.0,0.144,0.696,131.982
667,0.885,0.52,1.0,-8.353,1.0,0.359,0.000244,1.16e-06,0.454,0.306,84.022
668,0.809,0.461,10.0,-5.677,0.0,0.0907,0.000832,4.43e-05,0.143,0.325,85.992
669,0.841,0.695,9.0,-5.625,1.0,0.415,0.001,4.26e-05,0.189,0.408,173.368
670,0.904,0.575,1.0,-7.823,1.0,0.346,0.0493,0.0,0.256,0.359,141.039
671,0.837,0.636,1.0,-7.643,1.0,0.086,0.0395,0.00125,0.342,0.274,145.972
672,0.74,0.766,6.0,-2.939,1.0,0.178,0.116,0.0,0.0406,0.807,170.531
673,0.853,0.606,0.0,-4.596,1.0,0.0713,0.0561,0.0,0.313,0.654,94.759
674,0.822,0.457,6.0,-10.937,1.0,0.235,0.214,0.000397,0.0766,0.73,99.16
675,0.667,0.747,1.0,-7.059,1.0,0.189,0.337,0.0,0.115,0.918,86.917
676,0.631,0.623,8.0,-6.969,1.0,0.265,0.463,1.7e-06,0.151,0.765,80.23
677,0.423,0.643,6.0,-7.261,1.0,0.287,0.0455,0.0,0.172,0.708,84.336
678,0.639,0.628,6.0,-7.578,0.0,0.0399,0.0381,0.0,0.386,0.43,90.482
679,0.596,0.62,5.0,-6.133,0.0,0.039,0.0122,0.0,0.82,0.102,80.029
680,0.439,0.808,1.0,-6.881,1.0,0.346,0.00305,0.0,0.439,0.487,82.962
681,0.693,0.504,6.0,-8.306,1.0,0.238,0.00299,0.0,0.695,0.723,102.139
682,0.48,0.631,7.0,-5.488,1.0,0.116,0.0791,0.000105,0.149,0.515,84.164
683,0.712,0.759,11.0,-5.397,1.0,0.334,0.016,0.0808,0.217,0.738,79.103
684,0.675,0.747,3.0,-4.46,0.0,0.0741,0.00738,0.0,0.121,0.255,152.928
685,0.7,0.742,8.0,-5.233,1.0,0.347,0.435,0.0,0.092,0.635,140.172
686,0.734,0.683,1.0,-6.105,1.0,0.0776,0.013,0.0,0.28,0.445,162.038
687,0.853,0.805,11.0,-3.331,0.0,0.202,0.146,0.0515,0.204,0.879,134.55
688,0.728,0.628,1.0,-4.766,1.0,0.191,0.01,6.53e-05,0.0735,0.393,160.94
689,0.781,0.597,10.0,-6.794,0.0,0.23,0.0415,0.0,0.152,0.544,158.043
690,0.953,0.38,8.0,-4.941,1.0,0.261,0.00957,0.0,0.127,0.128,133.941
691,0.824,0.595,11.0,-6.346,1.0,0.091,0.0571,3.7e-06,0.0876,0.157,140.039
692,0.801,0.774,1.0,-5.125,1.0,0.157,0.0365,3.03e-06,0.114,0.321,144.988
693,0.881,0.549,10.0,-5.589,1.0,0.272,0.0091,0.0,0.137,0.202,144.019
694,0.642,0.562,11.0,-4.869,0.0,0.0812,0.032,0.0,0.168,0.177,158.001
695,0.665,0.651,1.0,-5.515,1.0,0.156,0.0414,0.0,0.0896,0.237,163.935
696,0.511,0.566,6.0,-7.23,0.0,0.2,0.349,0.0,0.34,0.218,83.903
697,0.671,0.529,0.0,-7.226,1.0,0.307,0.0769,0.000335,0.0856,0.203,161.989
698,0.645,0.785,6.0,-6.016,0.0,0.365,0.0705,0.000111,0.38,0.673,172.174
699,0.936,0.559,7.0,-8.587,0.0,0.157,0.479,0.0,0.128,0.527,112.347
700,0.919,0.622,1.0,-7.384,1.0,0.0997,0.228,4.24e-06,0.122,0.424,140.022
701,0.88,0.335,1.0,-8.742,1.0,0.297,0.226,0.0,0.107,0.213,140.061
702,0.959,0.539,4.0,-6.611,0.0,0.0958,0.172,0.0,0.108,0.657,103.0
703,0.883,0.544,2.0,-7.92,1.0,0.233,0.507,1.6e-06,0.08,0.114,129.993
704,0.678,0.636,1.0,-3.155,1.0,0.0782,0.0064,8.38e-06,0.177,0.0636,83.071
705,0.874,0.485,0.0,-3.026,1.0,0.171,0.0487,0.0,0.299,0.322,92.001
706,0.621,0.678,8.0,-4.104,1.0,0.197,0.142,0.0,0.098,0.0883,88.677
707,0.46,0.697,6.0,-5.954,0.0,0.325,0.0186,0.0,0.362,0.701,153.426
708,0.487,0.729,2.0,-6.815,1.0,0.271,0.0538,4.07e-06,0.44,0.217,91.048
709,0.779,0.572,6.0,-9.985,0.0,0.378,0.157,0.0,0.246,0.647,135.956
710,0.716,0.531,7.0,-7.355,1.0,0.122,0.0703,0.0,0.224,0.344,71.994
711,0.587,0.698,1.0,-8.948,1.0,0.0943,0.0152,0.0,0.442,0.0985,133.954
712,0.546,0.651,1.0,-7.601,1.0,0.3,0.000739,0.0,0.235,0.646,77.878
713,0.67,0.7,1.0,-7.893,1.0,0.196,0.576,5.34e-06,0.226,0.648,69.986
714,0.638,0.523,1.0,-6.664,1.0,0.357,0.00454,0.0,0.0842,0.422,139.913
715,0.746,0.798,0.0,-8.382,1.0,0.349,0.137,0.0,0.139,0.553,109.968
716,0.748,0.705,4.0,-4.547,0.0,0.485,0.204,0.0,0.246,0.483,189.891
717,0.665,0.535,4.0,-7.056,0.0,0.0572,0.0786,1.68e-05,0.154,0.37,138.842
718,0.658,0.535,9.0,-8.983,0.0,0.0573,0.0265,0.0,0.2,0.419,110.684
719,0.706,0.557,0.0,-5.8,1.0,0.0813,0.0347,0.0,0.276,0.205,132.98
720,0.908,0.621,1.0,-6.638,0.0,0.102,0.000282,5.39e-05,0.0958,0.421,150.011
721,0.678,0.562,3.0,-9.197,0.0,0.508,0.193,0.0,0.104,0.566,94.241
722,0.568,0.619,1.0,-6.899,1.0,0.414,0.138,1.67e-06,0.11,0.293,170.115
723,0.588,0.479,1.0,-7.039,1.0,0.281,0.604,7.2e-06,0.527,0.434,150.414
724,0.552,0.731,7.0,-6.873,1.0,0.615,0.0536,0.0,0.258,0.632,174.516
725,0.414,0.78,7.0,-5.741,1.0,0.362,0.36,0.0,0.869,0.509,80.972
726,0.838,0.505,1.0,-9.354,1.0,0.383,0.548,0.00127,0.211,0.407,110.029
727,0.692,0.521,10.0,-8.465,0.0,0.33,0.301,0.0,0.0565,0.463,100.45
728,0.89,0.393,4.0,-10.821,0.0,0.267,0.331,8.81e-06,0.283,0.304,128.084
729,0.516,0.738,11.0,-7.209,1.0,0.414,0.28,0.0,0.621,0.599,175.427
730,0.517,0.705,6.0,-8.205,0.0,0.364,0.0751,0.0,0.128,0.584,175.906
731,0.715,0.652,6.0,-7.909,0.0,0.396,0.101,0.0,0.11,0.498,109.28
732,0.679,0.648,2.0,-5.892,1.0,0.445,0.145,0.0,0.182,0.635,94.378
733,0.829,0.527,6.0,-6.644,0.0,0.367,0.482,0.0,0.631,0.475,116.079
734,0.869,0.385,4.0,-7.801,1.0,0.297,0.135,0.0,0.0931,0.596,149.897
735,0.772,0.498,8.0,-7.661,1.0,0.649,0.115,0.0,0.0898,0.351,81.817
736,0.823,0.783,0.0,-6.274,1.0,0.154,0.21,0.0,0.113,0.199,141.882
737,0.389,0.277,9.0,-13.15,1.0,0.0279,0.495,0.0,0.138,0.402,141.75
738,0.769,0.367,2.0,-11.226,1.0,0.0312,0.684,1.62e-05,0.081,0.535,103.621
739,0.701,0.417,6.0,-7.818,0.0,0.0329,0.0888,0.000648,0.375,0.186,95.003
740,0.392,0.233,11.0,-11.012,0.0,0.0587,0.951,0.000322,0.106,0.494,176.569
741,0.913,0.603,8.0,-4.892,1.0,0.226,0.0272,0.000503,0.167,0.497,123.061
742,0.4,0.65,5.0,-6.104,0.0,0.0466,0.0118,7.62e-05,0.791,0.15,107.989
743,0.429,0.736,5.0,-8.017,1.0,0.222,0.0696,0.0,0.0852,0.379,89.262
744,0.394,0.433,8.0,-13.473,1.0,0.374,0.485,7.81e-05,0.817,0.394,118.988
745,0.479,0.558,11.0,-6.074,1.0,0.179,0.227,0.0,0.0808,0.8,83.465
746,0.706,0.57,11.0,-7.129,1.0,0.0841,0.689,0.0698,0.288,0.96,115.864
747,0.721,0.339,0.0,-11.195,1.0,0.0532,0.409,0.00153,0.0973,0.2,129.83
748,0.421,0.0952,6.0,-12.561,1.0,0.0479,0.931,0.000201,0.126,0.0773,109.698
749,0.266,0.678,1.0,-12.364,1.0,0.508,0.769,9.37e-05,0.503,0.201,83.434
750,0.444,0.0924,0.0,-15.605,1.0,0.0366,0.784,0.0,0.304,0.219,108.917
751,0.827,0.673,5.0,-8.401,0.0,0.23,0.192,0.00136,0.146,0.779,78.007
752,0.572,0.209,8.0,-10.413,1.0,0.0313,0.765,0.0,0.356,0.446,80.069
753,0.513,0.131,0.0,-12.787,1.0,0.467,0.983,0.00414,0.12,0.814,105.808
754,0.544,0.552,9.0,-7.45,1.0,0.0991,0.67,4.57e-05,0.415,0.554,159.738
755,0.543,0.394,8.0,-9.637,1.0,0.0864,0.695,0.000239,0.108,0.118,137.811
756,0.567,0.388,9.0,-9.579,0.0,0.0384,0.782,0.000309,0.248,0.452,116.362
757,0.762,0.573,2.0,-7.479,1.0,0.0262,0.00246,3.65e-05,0.269,0.513,90.982
758,0.376,0.563,0.0,-8.249,0.0,0.0366,0.372,0.0331,0.952,0.275,186.449
759,0.66,0.666,9.0,-4.342,1.0,0.0472,0.0759,0.0,0.0268,0.933,89.975
760,0.81,0.582,5.0,-5.098,0.0,0.125,0.0862,0.00681,0.207,0.503,95.004
761,0.763,0.628,11.0,-5.85,1.0,0.05,0.0531,0.0,0.114,0.193,140.958
762,0.785,0.554,0.0,-6.571,1.0,0.0409,0.283,3.4e-06,0.116,0.144,128.047
763,0.7,0.46,4.0,-8.111,0.0,0.0661,0.142,4.81e-05,0.111,0.286,151.901
764,0.804,0.763,2.0,-5.48,1.0,0.0519,0.0678,0.0,0.368,0.0585,136.052
765,0.712,0.481,4.0,-5.415,0.0,0.0487,0.173,0.0,0.241,0.062,140.0
766,0.741,0.645,11.0,-5.116,0.0,0.0963,0.192,0.0,0.163,0.488,149.07
767,0.46,0.686,0.0,-5.948,0.0,0.0367,0.00146,0.0,0.375,0.252,148.054
768,0.834,0.73,8.0,-3.714,1.0,0.222,0.00513,0.0,0.124,0.446,155.008
769,0.487,0.789,8.0,-3.69,1.0,0.044,0.00947,4.05e-06,0.189,0.0564,150.007
770,0.746,0.56,5.0,-9.02,0.0,0.0932,0.649,0.000577,0.107,0.172,91.988
771,0.58,0.469,8.0,-8.655,0.0,0.118,0.778,6.79e-05,0.099,0.289,176.019
772,0.754,0.37,6.0,-9.854,0.0,0.12,0.403,6.22e-05,0.107,0.228,114.941
773,0.512,0.598,9.0,-4.959,0.0,0.115,0.611,0.0,0.0881,0.345,70.189
774,0.399,0.491,6.0,-8.992,1.0,0.0714,0.631,0.0,0.171,0.356,94.542
775,0.333,0.859,6.0,-2.286,1.0,0.148,0.0185,0.0,0.22,0.125,86.882
776,0.416,0.824,1.0,-3.075,1.0,0.343,0.00391,0.0,0.104,0.417,85.433
777,0.395,0.922,1.0,-2.176,1.0,0.375,0.19,0.0,0.134,0.558,162.361
778,0.562,0.544,8.0,-5.065,1.0,0.369,0.536,0.0,0.17,0.231,159.517
779,0.683,0.695,1.0,-6.798,0.0,0.0574,0.393,0.00124,0.124,0.406,135.337
780,0.681,0.593,5.0,-9.327,1.0,0.0251,0.435,0.000117,0.106,0.731,115.058
781,0.678,0.53,0.0,-8.515,1.0,0.024,0.00987,0.000274,0.0437,0.678,91.779
782,0.894,0.507,7.0,-6.945,1.0,0.0564,0.221,0.0661,0.0642,0.916,114.216
783,0.602,0.444,2.0,-18.332,1.0,0.0444,0.451,0.634,0.928,0.725,98.954
784,0.595,0.389,4.0,-19.29,1.0,0.0328,0.515,0.414,0.738,0.691,108.556
785,0.528,0.349,9.0,-18.761,1.0,0.0302,0.474,0.497,0.628,0.642,76.097
786,0.446,0.484,4.0,-16.083,1.0,0.0756,0.351,0.824,0.611,0.739,153.905
787,0.412,0.46,1.0,-13.222,0.0,0.0336,0.118,0.411,0.719,0.604,102.135
788,0.24,0.615,2.0,-14.117,1.0,0.0677,0.171,0.0125,0.0801,0.768,166.657
789,0.458,0.909,1.0,-6.553,1.0,0.487,0.0567,4.26e-06,0.11,0.449,118.227
790,0.508,0.557,8.0,-8.967,0.0,0.0478,0.00235,0.0134,0.588,0.199,77.572
791,0.417,0.689,2.0,-8.302,0.0,0.178,0.575,0.0,0.496,0.505,79.568
792,0.621,0.73,5.0,-5.414,0.0,0.107,0.0967,0.000131,0.673,0.464,139.566
793,0.36,0.391,6.0,-10.6,1.0,0.0528,0.296,0.000406,0.129,0.162,84.281
794,0.826,0.579,8.0,-8.241,0.0,0.0801,0.00881,0.0,0.129,0.431,121.075
795,0.467,0.672,10.0,-7.371,0.0,0.377,0.00559,0.243,0.607,0.0648,163.1
796,0.554,0.498,9.0,-8.866,1.0,0.0685,0.23,5.98e-06,0.795,0.413,79.635
797,0.831,0.502,10.0,-4.045,0.0,0.046,0.101,0.0,0.122,0.101,100.541
798,0.598,0.856,9.0,-6.204,0.0,0.306,0.219,0.0,0.291,0.779,173.929
799,0.927,0.746,2.0,-5.341,1.0,0.15,0.112,0.0,0.13,0.818,103.008
800,0.763,0.85,7.0,-3.052,1.0,0.0417,0.0304,1.21e-06,0.371,0.761,91.519
801,0.85,0.676,5.0,-4.224,0.0,0.209,0.0785,3.95e-05,0.361,0.606,85.05
802,0.591,0.739,4.0,-6.451,1.0,0.429,0.141,0.0,0.48,0.613,172.414
803,0.594,0.538,1.0,-11.946,0.0,0.0653,0.587,0.00567,0.0903,0.354,80.023
804,0.679,0.586,9.0,-8.768,0.0,0.287,0.549,0.013,0.108,0.537,83.082
805,0.789,0.258,5.0,-11.759,1.0,0.104,0.168,0.00714,0.326,0.335,127.491
806,0.831,0.427,2.0,-6.903,1.0,0.106,0.0531,0.0,0.307,0.216,93.004
807,0.793,0.498,8.0,-11.208,0.0,0.17,0.0974,1.26e-05,0.13,0.427,119.988
808,0.44,0.671,3.0,-10.598,0.0,0.477,0.764,0.0,0.212,0.479,83.078
809,0.813,0.563,7.0,-7.083,1.0,0.269,0.0293,0.0,0.125,0.761,83.009
810,0.768,0.62,2.0,-7.399,1.0,0.0658,0.139,0.0,0.521,0.589,132.035
811,0.798,0.465,9.0,-10.412,0.0,0.0981,0.411,0.224,0.323,0.348,104.96
812,0.795,0.596,11.0,-3.799,0.0,0.219,0.103,0.0,0.164,0.357,101.985
813,0.471,0.836,1.0,-6.516,0.0,0.12,0.543,0.00949,0.121,0.38,112.074
814,0.532,0.768,4.0,-8.698,0.0,0.0551,0.8,2.01e-05,0.377,0.698,116.026
815,0.252,0.827,9.0,-6.336,1.0,0.0406,0.0292,0.508,0.173,0.475,157.725
816,0.588,0.488,0.0,-8.462,0.0,0.03,0.325,0.0139,0.18,0.328,104.717
817,0.434,0.653,1.0,-6.969,0.0,0.0324,0.693,0.0421,0.177,0.625,105.09
818,0.349,0.866,11.0,-6.676,0.0,0.112,0.0361,0.0406,0.216,0.488,167.951
819,0.365,0.466,2.0,-7.514,1.0,0.0418,0.161,6.68e-06,0.106,0.487,95.163
820,0.691,0.631,2.0,-6.478,1.0,0.0368,0.0483,1.13e-05,0.104,0.8,92.004
821,0.665,0.542,11.0,-8.323,0.0,0.033,0.123,0.00291,0.342,0.587,97.975
822,0.762,0.508,3.0,-9.112,1.0,0.0919,0.0584,0.00126,0.16,0.37,93.51
823,0.673,0.463,2.0,-7.247,1.0,0.191,0.681,4.9e-06,0.0907,0.268,147.981
824,0.574,0.37,10.0,-10.803,1.0,0.0841,0.634,9.4e-05,0.0986,0.354,83.162
825,0.386,0.406,11.0,-10.419,1.0,0.0425,0.832,0.0597,0.171,0.205,78.616
826,0.618,0.693,1.0,-7.889,0.0,0.333,0.44,0.759,0.101,0.439,143.98
827,0.776,0.445,9.0,-8.574,1.0,0.0371,0.212,0.00409,0.124,0.405,109.981
828,0.729,0.545,0.0,-7.818,1.0,0.0316,0.0174,0.000274,0.369,0.514,103.012
829,0.772,0.483,6.0,-10.06,0.0,0.0564,0.0521,0.000375,0.377,0.479,120.005
830,0.697,0.551,11.0,-8.833,1.0,0.0815,0.258,0.00551,0.124,0.219,89.0
831,0.788,0.427,5.0,-9.918,0.0,0.308,0.0649,3.62e-05,0.171,0.605,97.038
832,0.692,0.552,0.0,-9.543,0.0,0.0497,0.0503,0.165,0.136,0.15,98.028
833,0.432,0.52,1.0,-5.515,0.0,0.0548,0.277,0.371,0.138,0.303,164.047
834,0.655,0.606,7.0,-10.385,1.0,0.0285,0.0603,0.0789,0.0757,0.765,110.061
835,0.549,0.725,1.0,-7.239,1.0,0.397,0.0539,3.52e-05,0.148,0.547,108.822
836,0.48,0.61,0.0,-7.042,1.0,0.305,0.0456,0.0,0.313,0.297,90.034
837,0.559,0.578,8.0,-9.54,1.0,0.151,0.79,0.000522,0.324,0.239,79.938
838,0.706,0.485,8.0,-9.671,1.0,0.331,0.337,0.0,0.122,0.144,115.414
839,0.558,0.559,6.0,-9.222,1.0,0.0959,0.371,7.49e-06,0.109,0.62,78.558
840,0.743,0.347,1.0,-11.174,1.0,0.121,0.167,0.00951,0.103,0.572,160.143
841,0.355,0.298,8.0,-12.277,1.0,0.0581,0.31,0.00266,0.185,0.0714,115.823
842,0.498,0.292,5.0,-10.656,1.0,0.031,0.511,1.9e-05,0.256,0.348,68.963
843,0.395,0.409,6.0,-8.58,1.0,0.056,0.708,1.62e-05,0.0982,0.193,74.088
844,0.51,0.363,5.0,-8.635,1.0,0.0304,0.853,0.0,0.109,0.426,78.0
845,0.198,0.162,1.0,-15.815,1.0,0.0343,0.926,0.00896,0.135,0.0527,70.453
846,0.543,0.327,0.0,-12.749,1.0,0.0625,0.933,1.22e-06,0.685,0.291,68.974
847,0.524,0.364,7.0,-10.209,1.0,0.0367,0.808,0.0,0.1,0.436,75.24
848,0.658,0.294,4.0,-8.533,0.0,0.0321,0.422,5.2e-05,0.0749,0.358,74.038
849,0.391,0.415,0.0,-11.665,1.0,0.0398,0.573,0.00188,0.242,0.0789,99.035
850,0.514,0.204,11.0,-8.917,0.0,0.0665,0.66,0.00457,0.262,0.247,123.111
851,0.589,0.279,4.0,-11.209,1.0,0.0408,0.911,0.000128,0.087,0.333,115.656
852,0.589,0.652,10.0,-7.498,1.0,0.373,0.704,0.00055,0.125,0.486,158.49
853,0.642,0.527,2.0,-9.444,1.0,0.0534,0.808,4.28e-05,0.154,0.566,133.062
854,0.683,0.437,5.0,-9.267,0.0,0.0375,0.781,0.000115,0.12,0.228,99.948
855,0.512,0.734,8.0,-5.448,0.0,0.438,0.431,0.0,0.226,0.168,93.995
856,0.569,0.836,4.0,-3.831,0.0,0.226,0.0276,0.0,0.479,0.0927,75.701
857,0.597,0.755,4.0,-2.209,0.0,0.052,0.0423,0.0,0.582,0.0467,89.146
858,0.595,0.706,3.0,-7.47,0.0,0.287,0.0427,0.0,0.0845,0.38,75.682
859,0.652,0.712,7.0,-7.191,0.0,0.174,0.812,0.000106,0.149,0.547,183.077
860,0.697,0.719,7.0,-5.805,1.0,0.353,0.0954,1.93e-06,0.0819,0.662,117.051
861,0.819,0.521,10.0,-7.328,0.0,0.216,0.00344,0.366,0.204,0.715,96.419
862,0.703,0.759,0.0,-6.554,1.0,0.149,0.0484,0.0031,0.664,0.863,94.009
863,0.841,0.898,8.0,-7.135,1.0,0.104,0.271,0.0151,0.304,0.931,98.401
864,0.655,0.855,8.0,-9.347,0.0,0.257,0.0114,0.000199,0.476,0.508,120.014
865,0.639,0.907,9.0,-7.85,1.0,0.0409,0.0128,0.328,0.704,0.696,97.019
866,0.732,0.789,5.0,-3.717,0.0,0.0476,0.0459,3.11e-05,0.123,0.607,107.978
867,0.671,0.678,10.0,-6.171,0.0,0.362,0.128,0.0,0.298,0.718,91.456
868,0.488,0.645,11.0,-7.226,1.0,0.421,0.0838,0.000355,0.154,0.595,148.733
869,0.727,0.518,2.0,-7.825,1.0,0.396,0.0888,0.0,0.0893,0.485,88.255
870,0.57,0.65,2.0,-8.538,1.0,0.326,0.0707,0.0,0.339,0.174,96.767
871,0.661,0.773,9.0,-6.809,0.0,0.0839,0.00127,5.66e-06,0.117,0.318,106.852
872,0.653,0.55,6.0,-8.065,0.0,0.0869,0.0689,1.94e-05,0.492,0.359,92.165
873,0.744,0.622,10.0,-6.756,0.0,0.0458,0.052,0.0,0.194,0.567,101.561
874,0.819,0.596,7.0,-7.697,0.0,0.123,0.0302,4.59e-06,0.102,0.473,108.204
875,0.676,0.56,4.0,-6.024,0.0,0.0643,0.0112,0.00403,0.137,0.551,178.555
876,0.567,0.815,8.0,-4.915,1.0,0.141,0.0144,2.14e-05,0.126,0.325,164.834
877,0.771,0.466,0.0,-8.651,1.0,0.0308,0.0314,0.000761,0.31,0.245,110.011
878,0.138,0.28,0.0,-7.66,1.0,0.0368,0.219,0.0204,0.37,0.0752,141.335
879,0.485,0.814,0.0,-4.894,0.0,0.0356,0.0783,0.0128,0.273,0.658,123.997
880,0.25,0.942,6.0,-3.235,1.0,0.0545,0.0815,0.00097,0.367,0.822,161.333
881,0.242,0.924,3.0,-3.327,1.0,0.0804,0.0302,0.461,0.36,0.33,129.155
882,0.547,0.208,11.0,-17.949,0.0,0.0369,0.974,0.973,0.104,0.347,119.474
883,0.371,0.778,7.0,-7.196,0.0,0.0559,0.211,0.00141,0.181,0.288,145.734
884,0.373,0.609,0.0,-7.0,1.0,0.0316,0.108,0.000427,0.0755,0.354,179.955
885,0.424,0.615,9.0,-6.217,0.0,0.0325,0.0158,0.000389,0.0844,0.155,77.935
886,0.598,0.553,9.0,-6.742,0.0,0.0397,0.562,0.157,0.257,0.533,123.075
887,0.64,0.74,4.0,-4.083,1.0,0.0284,0.0115,0.00678,0.167,0.785,116.879
888,0.598,0.71,0.0,-6.839,0.0,0.0272,0.0476,1.77e-05,0.1,0.726,97.976
889,0.802,0.495,2.0,-6.154,0.0,0.188,0.0232,0.0,0.0933,0.47,114.991
890,0.9,0.691,8.0,-3.888,0.0,0.107,0.0974,0.0,0.141,0.854,98.011
891,0.769,0.323,3.0,-12.887,0.0,0.0524,0.678,0.0,0.116,0.574,94.977
892,0.808,0.535,1.0,-12.521,1.0,0.0353,0.179,9.91e-05,0.158,0.848,114.031
893,0.736,0.491,10.0,-6.892,0.0,0.439,0.0681,0.0,0.571,0.203,141.979
894,0.609,0.229,11.0,-12.36,0.0,0.0333,0.558,0.0413,0.113,0.19,111.887
895,0.925,0.443,1.0,-8.216,1.0,0.264,0.0172,0.0,0.276,0.35,136.078
896,0.903,0.439,8.0,-11.813,1.0,0.397,0.0407,0.0,0.138,0.532,139.112
897,0.856,0.572,1.0,-8.429,1.0,0.373,0.0136,1.55e-06,0.121,0.454,82.445
898,0.928,0.481,9.0,-9.35,0.0,0.287,0.105,0.0,0.176,0.613,134.007
899,0.618,0.693,7.0,-5.943,0.0,0.45,0.246,0.0,0.112,0.454,170.982
900,0.809,0.463,11.0,-11.377,1.0,0.0396,0.256,0.085,0.109,0.364,111.98
901,0.839,0.521,7.0,-10.45,1.0,0.166,0.245,0.00545,0.607,0.33,105.992
902,0.719,0.665,8.0,-8.589,1.0,0.0331,0.15,0.00092,0.144,0.763,96.999
903,0.505,0.119,7.0,-17.252,1.0,0.0425,0.893,0.0,0.198,0.371,85.953
904,0.611,0.259,7.0,-12.069,1.0,0.0302,0.863,0.0,0.108,0.429,128.89
905,0.52,0.559,2.0,-9.615,1.0,0.0254,0.0736,0.349,0.116,0.254,146.944
906,0.656,0.375,0.0,-9.205,1.0,0.0248,0.355,0.0069,0.279,0.313,131.8
907,0.559,0.468,0.0,-12.738,1.0,0.0284,0.532,0.129,0.257,0.316,80.014
908,0.738,0.284,9.0,-12.0,1.0,0.0425,0.445,0.00129,0.119,0.461,65.977
909,0.842,0.384,9.0,-11.384,0.0,0.0354,0.638,0.000505,0.0998,0.604,84.026
910,0.764,0.326,7.0,-9.883,1.0,0.0342,0.731,0.0013,0.24,0.237,123.98
911,0.496,0.238,1.0,-11.026,1.0,0.0301,0.958,0.0109,0.0875,0.349,175.96
912,0.882,0.478,4.0,-10.386,1.0,0.0304,0.476,0.00581,0.0737,0.802,97.81
913,0.619,0.437,7.0,-11.756,1.0,0.0314,0.465,0.00609,0.0971,0.406,89.511
914,0.668,0.361,1.0,-8.69,0.0,0.0273,0.573,0.00506,0.0805,0.288,134.15
915,0.439,0.591,1.0,-6.407,1.0,0.0419,0.0993,0.00225,0.0718,0.397,125.893
916,0.517,0.344,9.0,-9.925,1.0,0.0303,0.818,0.00809,0.0763,0.279,75.285
917,0.285,0.979,11.0,-2.262,0.0,0.129,0.00405,0.061,0.267,0.323,165.976
918,0.311,0.67,9.0,-5.074,1.0,0.0368,0.353,0.22,0.14,0.289,127.818
919,0.227,0.694,7.0,-5.673,1.0,0.0635,0.0267,0.113,0.904,0.317,170.942
920,0.284,0.914,7.0,-3.853,0.0,0.0652,0.319,0.0176,0.707,0.594,168.965
921,0.195,0.941,11.0,-3.412,0.0,0.128,0.0486,0.00654,0.706,0.321,177.504
922,0.48,0.955,9.0,-5.426,0.0,0.116,0.421,0.00288,0.936,0.147,115.579
923,0.388,0.602,5.0,-6.268,1.0,0.0404,0.698,0.101,0.777,0.356,184.075
924,0.303,0.639,9.0,-7.744,1.0,0.0963,0.24,0.00328,0.701,0.237,187.661
925,0.22,0.722,2.0,-7.431,1.0,0.0585,0.18,0.214,0.827,0.266,77.602
926,0.361,0.777,7.0,-4.516,0.0,0.0456,0.569,0.224,0.696,0.325,101.985
927,0.27,0.596,5.0,-4.631,1.0,0.0331,0.22,0.064,0.341,0.312,168.397
928,0.87,0.386,7.0,-7.843,0.0,0.0684,0.745,0.00013,0.122,0.642,119.91
929,0.74,0.523,11.0,-10.753,0.0,0.233,0.666,0.00142,0.0968,0.235,97.063
930,0.898,0.283,6.0,-12.335,0.0,0.356,0.319,0.000383,0.11,0.469,138.97
931,0.745,0.356,1.0,-10.425,1.0,0.0941,0.172,0.00943,0.123,0.607,160.033
932,0.548,0.4,1.0,-8.479,1.0,0.0303,0.856,0.0415,0.109,0.465,91.326
933,0.49,0.765,4.0,-7.54,1.0,0.0382,0.0708,0.00324,0.708,0.493,76.558
934,0.471,0.544,10.0,-8.144,1.0,0.0302,0.00883,0.522,0.93,0.334,137.373
935,0.694,0.351,9.0,-10.92,1.0,0.0382,0.813,0.00165,0.097,0.691,145.907
936,0.584,0.509,2.0,-13.109,1.0,0.0287,0.267,0.00252,0.36,0.367,90.457
937,0.514,0.536,1.0,-7.13,0.0,0.0288,0.2,8.45e-05,0.727,0.451,133.848
938,0.62,0.487,9.0,-8.266,0.0,0.0346,0.441,0.00571,0.942,0.462,83.943
939,0.393,0.386,7.0,-10.593,1.0,0.0389,0.403,0.0688,0.754,0.24,108.527
940,0.386,0.596,1.0,-9.02,1.0,0.0802,0.0509,0.000646,0.966,0.327,104.291
941,0.292,0.952,7.0,-6.026,1.0,0.134,0.0138,0.347,0.795,0.442,99.54
942,0.788,0.49,7.0,-9.14,1.0,0.0576,0.38,0.00125,0.697,0.658,112.986
943,0.356,0.607,0.0,-8.284,1.0,0.0438,0.00419,0.00379,0.934,0.456,98.272
944,0.49,0.908,1.0,-6.784,1.0,0.0658,0.0151,0.00147,0.699,0.738,117.948
945,0.435,0.548,0.0,-12.517,0.0,0.0788,0.48,0.000103,0.949,0.498,83.64
946,0.368,0.44,4.0,-11.486,1.0,0.0294,0.713,8.83e-05,0.966,0.285,91.799
947,0.771,0.424,7.0,-12.156,1.0,0.0374,0.595,0.000372,0.0788,0.638,98.795
948,0.536,0.738,4.0,-11.02,1.0,0.031,0.638,0.446,0.0736,0.707,83.048
949,0.715,0.59,7.0,-7.855,1.0,0.0286,0.652,0.000551,0.0627,0.395,119.966
950,0.848,0.465,1.0,-9.029,0.0,0.0524,0.577,0.0543,0.101,0.621,94.02
951,0.494,0.485,11.0,-10.464,1.0,0.048,0.12,0.000277,0.16,0.609,80.593
952,0.4,0.731,1.0,-9.911,0.0,0.047,0.0211,0.0222,0.309,0.823,80.416
953,0.464,0.502,5.0,-9.493,0.0,0.0452,0.578,0.04,0.117,0.353,103.88
954,0.503,0.746,5.0,-10.065,0.0,0.065,0.0222,0.354,0.37,0.75,133.133
955,0.687,0.497,10.0,-10.257,0.0,0.0331,0.643,0.853,0.171,0.653,81.183
956,0.376,0.911,1.0,-7.402,1.0,0.0439,0.000671,0.86,0.152,0.861,100.129
957,0.444,0.93,3.0,-9.287,0.0,0.049,0.00269,0.886,0.122,0.639,121.859
958,0.412,0.475,5.0,-11.799,0.0,0.0502,0.00797,0.0844,0.15,0.307,104.689
959,0.385,0.544,11.0,-11.515,1.0,0.0434,0.000989,0.021,0.682,0.434,128.102
960,0.379,0.516,8.0,-11.111,0.0,0.0584,0.00577,0.0592,0.229,0.423,137.509
961,0.214,0.91,8.0,-6.662,1.0,0.389,0.48,0.00839,0.0517,0.447,175.561
962,0.515,0.534,6.0,-8.045,1.0,0.0768,0.181,0.00278,0.0547,0.426,70.776
963,0.346,0.768,9.0,-5.695,1.0,0.0377,0.00603,0.38,0.0244,0.532,169.492
964,0.438,0.805,8.0,-6.237,1.0,0.0624,0.00255,5.69e-05,0.0842,0.564,113.253
965,0.587,0.133,9.0,-15.151,0.0,0.0565,0.186,2.26e-05,0.258,0.068,102.938
966,0.654,0.539,6.0,-5.828,0.0,0.0309,0.792,0.0,0.12,0.392,122.923
